name,team,position,price,total_xpts,avg_xpts_per_fixture,avg_xg,avg_xa,avg_cs_points,avg_bonus_points,avg_yc_points,avg_rc_points,avg_base_points,form,xMins_pct
Mohamed Salah,Liverpool,MID,14.5,154.73200000000006,4.071894736842107,0.22800000000000004,0.312,0.0,0.162,-0.165,-0.06,2.0,0.0,1.0
Erling Haaland,Man City,FWD,14.0,152.18119999999993,4.0047684210526295,0.35,0.1512,0.0,0.15036,-0.12,-0.06,2.0,0.0,1.0
Alexander Isak,Newcastle,FWD,10.5,128.84499999999997,3.3906578947368415,0.2700000000000001,0.12000000000000002,0.0,0.11700000000000003,-0.12,-0.06,2.0,0.0,1.0
Cole Palmer,Chelsea,MID,10.5,126.46799999999996,3.3281052631578936,0.16640000000000002,0.2304,0.0,0.11904,-0.165,-0.06,2.0,0.0,1.0
Bukayo Saka,Arsenal,MID,10.0,123.60559999999998,3.2527789473684208,0.12739999999999999,0.17679999999999998,0.0,0.09126,-0.165,-0.06,2.0,0.0,1.0
Viktor Gyökeres,Arsenal,FWD,9.0,119.5852,3.146978947368421,0.195,0.08839999999999999,0.0,0.08502000000000001,-0.12,-0.06,2.0,0.0,1.0
Ollie Watkins,Aston Villa,FWD,9.0,119.15050000000002,3.135539473684211,0.24,0.10879999999999998,0.0,0.10464,-0.12,-0.06,2.0,0.0,1.0
Hugo Ekitiké,Liverpool,FWD,8.5,116.73219999999998,3.0718999999999994,0.21000000000000002,0.096,0.0,0.0918,-0.12,-0.06,2.0,0.0,1.0
Bruno Borges Fernandes,Man Utd,MID,9.0,116.00260000000004,3.052700000000001,0.12040000000000002,0.168,0.0,0.08652000000000001,-0.165,-0.06,2.0,0.0,1.0
Florian Wirtz,Liverpool,MID,8.5,113.87560000000005,2.996726315789475,0.12000000000000002,0.168,0.0,0.08640000000000002,-0.165,-0.06,2.0,0.0,1.0
Omar Marmoush,Man City,MID,8.5,113.47880000000006,2.9862842105263177,0.11200000000000002,0.1568,0.0,0.08064000000000002,-0.165,-0.06,2.0,0.0,1.0
Son Heung-min,Spurs,MID,8.5,112.68520000000007,2.9654000000000016,0.128,0.17920000000000005,0.0,0.09216000000000002,-0.165,-0.06,2.0,0.0,1.0
Jarrod Bowen,West Ham,FWD,8.0,111.552,2.935578947368421,0.20800000000000002,0.09600000000000002,0.0,0.09120000000000002,-0.12,-0.06,2.0,0.0,1.0
Luis Díaz Marulanda,Liverpool,MID,8.0,110.47090000000007,2.907128947368423,0.11100000000000002,0.156,0.0,0.0801,-0.165,-0.06,2.0,0.0,1.0
Phil Foden,Man City,MID,8.0,110.10320000000009,2.8974526315789495,0.1036,0.1456,0.0,0.07476000000000001,-0.165,-0.06,2.0,0.0,1.0
Martin Ødegaard,Arsenal,MID,8.0,110.10320000000004,2.8974526315789486,0.0962,0.1352,0.0,0.06942000000000001,-0.165,-0.06,2.0,0.0,1.0
Kai Havertz,Arsenal,FWD,7.5,109.8064,2.889642105263158,0.156,0.0728,0.0,0.06864,-0.12,-0.06,2.0,0.0,1.0
João Pedro Junqueira de Jesus,Chelsea,FWD,7.5,109.45599999999999,2.8804210526315788,0.19200000000000003,0.08960000000000001,0.0,0.08448,-0.12,-0.06,2.0,0.0,1.0
Matheus Santos Carneiro da Cunha,Man Utd,MID,8.0,109.36780000000006,2.8781000000000017,0.1036,0.1456,0.0,0.07476000000000001,-0.165,-0.06,2.0,0.0,1.0
Bryan Mbeumo,Man Utd,MID,8.0,109.36780000000006,2.8781000000000017,0.1036,0.1456,0.0,0.07476000000000001,-0.165,-0.06,2.0,0.0,1.0
Jean-Philippe Mateta,Crystal Palace,FWD,7.5,109.10560000000001,2.8712000000000004,0.18000000000000002,0.084,0.0,0.07920000000000002,-0.12,-0.06,2.0,0.0,1.0
Chris Wood,Nott'm Forest,FWD,7.5,109.1056,2.8712,0.19200000000000003,0.08960000000000001,0.0,0.08448000000000001,-0.12,-0.06,2.0,0.0,1.0
Dominic Solanke-Mitchell,Spurs,FWD,7.5,109.1056,2.8712,0.19200000000000006,0.08960000000000003,0.0,0.08448000000000001,-0.12,-0.06,2.0,0.0,1.0
Yoane Wissa,Brentford,FWD,7.5,109.10559999999998,2.8711999999999995,0.19200000000000003,0.08960000000000001,0.0,0.08448,-0.12,-0.06,2.0,0.0,1.0
Cody Gakpo,Liverpool,MID,7.5,107.06620000000004,2.8175315789473694,0.10200000000000001,0.144,0.0,0.07379999999999999,-0.165,-0.06,2.0,0.0,1.0
Anthony Gordon,Newcastle,MID,7.5,106.38900000000004,2.7997105263157906,0.10199999999999998,0.14400000000000002,0.0,0.0738,-0.165,-0.06,2.0,0.0,1.0
Morgan Gibbs-White,Nott'm Forest,MID,7.5,106.05040000000004,2.790800000000001,0.10879999999999998,0.15360000000000001,0.0,0.07872,-0.165,-0.06,2.0,0.0,1.0
Eberechi Eze,Crystal Palace,MID,7.5,106.05040000000004,2.790800000000001,0.10200000000000001,0.144,0.0,0.07379999999999999,-0.165,-0.06,2.0,0.0,1.0
Francisco Evanilson de Lima Barbosa,Bournemouth,FWD,7.0,105.90220000000005,2.7869000000000015,0.15400000000000003,0.0728,0.0,0.06804000000000002,-0.12,-0.06,2.0,0.0,1.0
Darwin Núñez Ribeiro,Liverpool,FWD,6.5,103.58140000000002,2.725826315789474,0.15,0.072,0.0,0.06660000000000002,-0.12,-0.06,2.0,0.0,1.0
Sávio Moreira de Oliveira,Man City,MID,7.0,103.35200000000005,2.719789473684212,0.0868,0.1232,0.0,0.06300000000000001,-0.165,-0.06,2.0,0.0,1.0
Leandro Trossard,Arsenal,MID,7.0,103.35200000000005,2.719789473684212,0.08059999999999999,0.11440000000000002,0.0,0.05850000000000002,-0.165,-0.06,2.0,0.0,1.0
Gabriel Martinelli Silva,Arsenal,MID,7.0,103.35200000000005,2.719789473684212,0.08059999999999999,0.11440000000000002,0.0,0.05850000000000002,-0.165,-0.06,2.0,0.0,1.0
Noni Madueke,Arsenal,MID,7.0,103.35200000000005,2.719789473684212,0.08059999999999999,0.11440000000000002,0.0,0.05850000000000002,-0.165,-0.06,2.0,0.0,1.0
Anthony Elanga,Newcastle,MID,7.0,103.04250000000005,2.7116447368421066,0.093,0.132,0.0,0.06750000000000002,-0.165,-0.06,2.0,0.0,1.0
Morgan Rogers,Aston Villa,MID,7.0,103.04250000000005,2.7116447368421066,0.0992,0.1408,0.0,0.07200000000000001,-0.165,-0.06,2.0,0.0,1.0
Pedro Lomba Neto,Chelsea,MID,7.0,103.04250000000005,2.7116447368421066,0.0992,0.1408,0.0,0.07200000000000001,-0.165,-0.06,2.0,0.0,1.0
Liam Delap,Chelsea,FWD,6.5,102.99299999999998,2.7103421052631576,0.16,0.07680000000000001,0.0,0.07103999999999999,-0.12,-0.06,2.0,0.0,1.0
Nicolas Jackson,Chelsea,FWD,6.5,102.99299999999998,2.7103421052631576,0.16,0.07680000000000001,0.0,0.07103999999999999,-0.12,-0.06,2.0,0.0,1.0
Marcus Rashford,Man Utd,MID,7.0,102.73300000000005,2.7035000000000013,0.08680000000000002,0.12320000000000002,0.0,0.06300000000000001,-0.165,-0.06,2.0,0.0,1.0
James Maddison,Spurs,MID,7.0,102.73300000000005,2.7035000000000013,0.0992,0.1408,0.0,0.07200000000000002,-0.165,-0.06,2.0,0.0,1.0
Brennan Johnson,Spurs,MID,7.0,102.73300000000005,2.7035000000000013,0.0992,0.1408,0.0,0.07200000000000002,-0.165,-0.06,2.0,0.0,1.0
Antoine Semenyo,Bournemouth,MID,7.0,102.73300000000005,2.7035000000000013,0.08679999999999999,0.12320000000000002,0.0,0.06300000000000001,-0.165,-0.06,2.0,0.0,1.0
Justin Kluivert,Bournemouth,MID,7.0,102.73300000000005,2.7035000000000013,0.08679999999999999,0.12320000000000002,0.0,0.06300000000000001,-0.165,-0.06,2.0,0.0,1.0
Kevin Schade,Brentford,MID,7.0,102.73300000000005,2.7035000000000013,0.0992,0.1408,0.0,0.07200000000000001,-0.165,-0.06,2.0,0.0,1.0
Rasmus Højlund,Man Utd,FWD,6.5,102.6988,2.7026000000000003,0.14,0.06720000000000001,0.0,0.06216000000000001,-0.12,-0.06,2.0,0.0,1.0
Raúl Jiménez Rodríguez,Fulham,FWD,6.5,102.69879999999998,2.7025999999999994,0.15000000000000002,0.07200000000000001,0.0,0.06659999999999999,-0.12,-0.06,2.0,0.0,1.0
Danny Welbeck,Brighton,FWD,6.5,102.69879999999998,2.7025999999999994,0.14,0.06720000000000001,0.0,0.06215999999999999,-0.12,-0.06,2.0,0.0,1.0
Richarlison de Andrade,Spurs,FWD,6.5,102.69879999999998,2.7025999999999994,0.16000000000000003,0.07680000000000001,0.0,0.07104000000000002,-0.12,-0.06,2.0,0.0,1.0
Jørgen Strand Larsen,Wolves,FWD,6.5,102.40459999999997,2.6948578947368413,0.15,0.072,0.0,0.06660000000000002,-0.12,-0.06,2.0,0.0,1.0
Dominik Szoboszlai,Liverpool,MID,6.5,100.25680000000007,2.638336842105265,0.084,0.12000000000000002,0.0,0.06120000000000001,-0.165,-0.06,2.0,0.0,1.0
Federico Chiesa,Liverpool,MID,6.5,100.25680000000007,2.638336842105265,0.084,0.12000000000000002,0.0,0.06120000000000001,-0.165,-0.06,2.0,0.0,1.0
Alexis Mac Allister,Liverpool,MID,6.5,100.25680000000007,2.638336842105265,0.084,0.12000000000000002,0.0,0.06120000000000001,-0.165,-0.06,2.0,0.0,1.0
Bernardo Mota Veiga de Carvalho e Silva,Man City,MID,6.5,99.97640000000007,2.6309578947368437,0.0784,0.11200000000000002,0.0,0.057120000000000004,-0.165,-0.06,2.0,0.0,1.0
Rayan Cherki,Man City,MID,6.5,99.97640000000007,2.6309578947368437,0.0784,0.11200000000000002,0.0,0.057120000000000004,-0.165,-0.06,2.0,0.0,1.0
Jérémy Doku,Man City,MID,6.5,99.97640000000007,2.6309578947368437,0.0784,0.11200000000000002,0.0,0.057120000000000004,-0.165,-0.06,2.0,0.0,1.0
İlkay Gündoğan,Man City,MID,6.5,99.97640000000007,2.6309578947368437,0.0784,0.11200000000000002,0.0,0.057120000000000004,-0.165,-0.06,2.0,0.0,1.0
Rodrigo 'Rodri' Hernandez Cascante,Man City,MID,6.5,99.97640000000007,2.6309578947368437,0.0784,0.11200000000000002,0.0,0.057120000000000004,-0.165,-0.06,2.0,0.0,1.0
Declan Rice,Arsenal,MID,6.5,99.97640000000007,2.6309578947368437,0.0728,0.10400000000000001,0.0,0.05304,-0.165,-0.06,2.0,0.0,1.0
Jack Grealish,Man City,MID,6.5,99.97640000000007,2.6309578947368437,0.0784,0.11200000000000002,0.0,0.057120000000000004,-0.165,-0.06,2.0,0.0,1.0
Harvey Barnes,Newcastle,MID,6.5,99.69600000000007,2.623578947368423,0.08400000000000002,0.12000000000000002,0.0,0.06120000000000001,-0.165,-0.06,2.0,0.0,1.0
Jamie Bynoe-Gittens,Chelsea,MID,6.5,99.69600000000007,2.623578947368423,0.08960000000000001,0.128,0.0,0.06528,-0.165,-0.06,2.0,0.0,1.0
Jacob Murphy,Newcastle,MID,6.5,99.69600000000007,2.623578947368423,0.08400000000000002,0.12000000000000002,0.0,0.06120000000000001,-0.165,-0.06,2.0,0.0,1.0
Bruno Guimarães Rodriguez Moura,Newcastle,MID,6.5,99.69600000000007,2.623578947368423,0.08400000000000002,0.12000000000000002,0.0,0.06120000000000001,-0.165,-0.06,2.0,0.0,1.0
Estêvão Almeida de Oliveira Gonçalves,Chelsea,MID,6.5,99.69600000000007,2.623578947368423,0.08960000000000001,0.128,0.0,0.06528,-0.165,-0.06,2.0,0.0,1.0
Enzo Fernández,Chelsea,MID,6.5,99.69600000000007,2.623578947368423,0.08960000000000001,0.128,0.0,0.06528,-0.165,-0.06,2.0,0.0,1.0
Joshua Zirkzee,Man Utd,FWD,6.0,99.49540000000002,2.6183000000000005,0.12600000000000003,0.06160000000000001,0.0,0.05628000000000001,-0.12,-0.06,2.0,0.0,1.0
Igor Jesus Maciel da Cruz,Nott'm Forest,FWD,6.0,99.4954,2.6183,0.14400000000000002,0.0704,0.0,0.06432000000000002,-0.12,-0.06,2.0,0.0,1.0
Igor Thiago Nascimento Rodrigues,Brentford,FWD,6.0,99.4954,2.6183,0.14400000000000002,0.0704,0.0,0.06432000000000002,-0.12,-0.06,2.0,0.0,1.0
Ismaïla Sarr,Crystal Palace,MID,6.5,99.41560000000007,2.616200000000002,0.084,0.12000000000000002,0.0,0.06120000000000001,-0.165,-0.06,2.0,0.0,1.0
Amad Diallo,Man Utd,MID,6.5,99.41560000000007,2.616200000000002,0.0784,0.11200000000000002,0.0,0.057120000000000004,-0.165,-0.06,2.0,0.0,1.0
Mathys Tel,Spurs,MID,6.5,99.41560000000007,2.616200000000002,0.08960000000000003,0.128,0.0,0.06528,-0.165,-0.06,2.0,0.0,1.0
Mohammed Kudus,Spurs,MID,6.5,99.41560000000007,2.616200000000002,0.08960000000000003,0.128,0.0,0.06528,-0.165,-0.06,2.0,0.0,1.0
Alex Iwobi,Fulham,MID,6.5,99.41560000000007,2.616200000000002,0.08400000000000002,0.12000000000000002,0.0,0.06120000000000001,-0.165,-0.06,2.0,0.0,1.0
Mitoma Kaoru,Brighton,MID,6.5,99.41560000000007,2.616200000000002,0.07840000000000001,0.11200000000000002,0.0,0.057120000000000004,-0.165,-0.06,2.0,0.0,1.0
Alejandro Garnacho Ferreyra,Man Utd,MID,6.5,99.41560000000007,2.616200000000002,0.0784,0.11200000000000002,0.0,0.057120000000000004,-0.165,-0.06,2.0,0.0,1.0
Thierno Barry,Everton,FWD,6.0,99.2293,2.6112973684210523,0.12600000000000003,0.06160000000000001,0.0,0.05628000000000001,-0.12,-0.06,2.0,0.0,1.0
Iliman Ndiaye,Everton,MID,6.5,99.13520000000007,2.6088210526315807,0.07840000000000001,0.11200000000000002,0.0,0.05711999999999999,-0.165,-0.06,2.0,0.0,1.0
Niclas Füllkrug,West Ham,FWD,6.0,98.9632,2.6042947368421054,0.14400000000000002,0.0704,0.0,0.06432000000000002,-0.12,-0.06,2.0,0.0,1.0
Nico González Iglesias,Man City,MID,6.0,96.60079999999999,2.5421263157894733,0.06999999999999999,0.1008,0.0,0.05124000000000001,-0.165,-0.06,2.0,0.0,1.0
Mikel Merino Zazón,Arsenal,MID,6.0,96.60079999999996,2.542126315789473,0.06499999999999999,0.09359999999999999,0.0,0.04758,-0.165,-0.06,2.0,0.0,1.0
William Osula,Newcastle,FWD,5.5,96.53000000000006,2.5402631578947386,0.12000000000000002,0.06000000000000001,0.0,0.05400000000000001,-0.12,-0.06,2.0,0.0,1.0
Joelinton Cássio Apolinário de Lira,Newcastle,MID,6.0,96.3495,2.535513157894737,0.07500000000000001,0.10799999999999998,0.0,0.054900000000000004,-0.165,-0.06,2.0,0.0,1.0
Christopher Nkunku,Chelsea,MID,6.0,96.34949999999999,2.5355131578947367,0.08,0.1152,0.0,0.05856,-0.165,-0.06,2.0,0.0,1.0
Youri Tielemans,Aston Villa,MID,6.0,96.34949999999999,2.5355131578947367,0.08,0.1152,0.0,0.05856,-0.165,-0.06,2.0,0.0,1.0
Rodrigo Muniz Carvalho,Fulham,FWD,5.5,96.29200000000006,2.5340000000000016,0.12000000000000002,0.06000000000000001,0.0,0.054000000000000006,-0.12,-0.06,2.0,0.0,1.0
Evan Ferguson,Brighton,FWD,5.5,96.29200000000006,2.5340000000000016,0.11200000000000002,0.05600000000000001,0.0,0.0504,-0.12,-0.06,2.0,0.0,1.0
Eddie Nketiah,Crystal Palace,FWD,5.5,96.29200000000006,2.5340000000000016,0.12000000000000002,0.06000000000000001,0.0,0.054000000000000006,-0.12,-0.06,2.0,0.0,1.0
Taiwo Awoniyi,Nott'm Forest,FWD,5.5,96.29200000000006,2.5340000000000016,0.12800000000000003,0.06400000000000002,0.0,0.057600000000000005,-0.12,-0.06,2.0,0.0,1.0
Stefanos Tzimas,Brighton,FWD,5.5,96.29200000000006,2.5340000000000016,0.11200000000000002,0.05600000000000001,0.0,0.0504,-0.12,-0.06,2.0,0.0,1.0
Mikkel Damsgaard,Brentford,MID,6.0,96.0982,2.5289,0.08,0.1152,0.0,0.05856,-0.165,-0.06,2.0,0.0,1.0
Jadon Sancho,Man Utd,MID,6.0,96.09819999999999,2.5288999999999997,0.07,0.1008,0.0,0.051239999999999994,-0.165,-0.06,2.0,0.0,1.0
Antony dos Santos,Man Utd,MID,6.0,96.09819999999999,2.5288999999999997,0.07,0.1008,0.0,0.051239999999999994,-0.165,-0.06,2.0,0.0,1.0
Dango Ouattara,Bournemouth,MID,6.0,96.09819999999999,2.5288999999999997,0.07,0.1008,0.0,0.051239999999999994,-0.165,-0.06,2.0,0.0,1.0
Mason Mount,Man Utd,MID,6.0,96.09819999999999,2.5288999999999997,0.07,0.1008,0.0,0.051239999999999994,-0.165,-0.06,2.0,0.0,1.0
Emile Smith Rowe,Fulham,MID,6.0,96.09819999999996,2.528899999999999,0.07500000000000001,0.10799999999999998,0.0,0.054900000000000004,-0.165,-0.06,2.0,0.0,1.0
Georginio Rutter,Brighton,MID,6.0,96.09819999999996,2.528899999999999,0.07,0.1008,0.0,0.051239999999999994,-0.165,-0.06,2.0,0.0,1.0
Callum Hudson-Odoi,Nott'm Forest,MID,6.0,96.09819999999996,2.528899999999999,0.08,0.1152,0.0,0.05856,-0.165,-0.06,2.0,0.0,1.0
Yankuba Minteh,Brighton,MID,6.0,96.09819999999996,2.528899999999999,0.07,0.1008,0.0,0.051239999999999994,-0.165,-0.06,2.0,0.0,1.0
Solly March,Brighton,MID,6.0,96.09819999999996,2.528899999999999,0.07,0.1008,0.0,0.051239999999999994,-0.165,-0.06,2.0,0.0,1.0
Norberto Bercique Gomes Betuncal,Everton,FWD,5.5,96.05400000000006,2.5277368421052646,0.11200000000000002,0.05600000000000001,0.0,0.0504,-0.12,-0.06,2.0,0.0,1.0
Dwight McNeil,Everton,MID,6.0,95.84690000000003,2.522286842105264,0.07,0.1008,0.0,0.051239999999999994,-0.165,-0.06,2.0,0.0,1.0
Hwang Hee-chan,Wolves,MID,6.0,95.84689999999996,2.522286842105262,0.075,0.10799999999999998,0.0,0.054900000000000004,-0.165,-0.06,2.0,0.0,1.0
Eliezer Mayenda Dossou,Sunderland,FWD,5.5,95.81600000000006,2.521473684210528,0.136,0.068,0.0,0.0612,-0.12,-0.06,2.0,0.0,1.0
Wilson Isidor,Sunderland,FWD,5.5,95.81600000000006,2.521473684210528,0.136,0.068,0.0,0.0612,-0.12,-0.06,2.0,0.0,1.0
Joël Piroe,Leeds,FWD,5.5,95.81600000000006,2.521473684210528,0.12000000000000002,0.06000000000000001,0.0,0.054000000000000006,-0.12,-0.06,2.0,0.0,1.0
Zian Flemming,Burnley,FWD,5.5,95.81600000000006,2.521473684210528,0.12000000000000002,0.06000000000000001,0.0,0.054000000000000006,-0.12,-0.06,2.0,0.0,1.0
Lucas Tolentino Coelho de Lima,West Ham,MID,6.0,95.59560000000003,2.5156736842105274,0.08,0.1152,0.0,0.05856,-0.165,-0.06,2.0,0.0,1.0
Tomáš Souček,West Ham,MID,6.0,95.59560000000003,2.5156736842105274,0.08,0.1152,0.0,0.05856,-0.165,-0.06,2.0,0.0,1.0
James Ward-Prowse,West Ham,MID,6.0,95.59560000000003,2.5156736842105274,0.08,0.1152,0.0,0.05856,-0.165,-0.06,2.0,0.0,1.0
Joško Gvardiol,Man City,DEF,6.0,95.28840000000001,2.507589473684211,0.0224,0.028000000000000004,0.39199999999999996,0.01512,-0.195,-0.06,2.0,0.0,1.0
Rayan Aït-Nouri,Man City,DEF,6.0,95.28840000000001,2.507589473684211,0.0224,0.028000000000000004,0.39199999999999996,0.01512,-0.195,-0.06,2.0,0.0,1.0
William Saliba,Arsenal,DEF,6.0,94.29639999999999,2.4814842105263155,0.0208,0.026000000000000002,0.3887999999999999,0.01404,-0.195,-0.06,2.0,0.0,1.0
Gabriel dos Santos Magalhães,Arsenal,DEF,6.0,94.29639999999999,2.4814842105263155,0.0208,0.026000000000000002,0.3887999999999999,0.01404,-0.195,-0.06,2.0,0.0,1.0
John Stones,Man City,DEF,5.5,94.17479999999999,2.4782842105263154,0.0196,0.0252,0.39199999999999996,0.013440000000000002,-0.195,-0.06,2.0,0.0,1.0
Abdukodir Khusanov,Man City,DEF,5.5,94.17479999999999,2.4782842105263154,0.0196,0.0252,0.39199999999999996,0.013440000000000002,-0.195,-0.06,2.0,0.0,1.0
Matheus Nunes,Man City,DEF,5.5,94.17479999999999,2.4782842105263154,0.0196,0.0252,0.39199999999999996,0.013440000000000002,-0.195,-0.06,2.0,0.0,1.0
Manuel Akanji,Man City,DEF,5.5,94.17479999999999,2.4782842105263154,0.0196,0.0252,0.39199999999999996,0.013440000000000002,-0.195,-0.06,2.0,0.0,1.0
Nathan Aké,Man City,DEF,5.5,94.17479999999999,2.4782842105263154,0.0196,0.0252,0.39199999999999996,0.013440000000000002,-0.195,-0.06,2.0,0.0,1.0
Rúben dos Santos Gato Alves Dias,Man City,DEF,5.5,94.17479999999999,2.4782842105263154,0.0196,0.0252,0.39199999999999996,0.013440000000000002,-0.195,-0.06,2.0,0.0,1.0
Jeremie Frimpong,Liverpool,DEF,6.0,93.5158,2.460942105263158,0.024,0.030000000000000006,0.4640000000000001,0.016200000000000003,-0.195,-0.06,2.0,0.0,1.0
Milos Kerkez,Liverpool,DEF,6.0,93.5158,2.460942105263158,0.024,0.030000000000000006,0.4640000000000001,0.016200000000000003,-0.195,-0.06,2.0,0.0,1.0
Andrew Robertson,Liverpool,DEF,6.0,93.5158,2.460942105263158,0.024,0.030000000000000006,0.4640000000000001,0.016200000000000003,-0.195,-0.06,2.0,0.0,1.0
Virgil van Dijk,Liverpool,DEF,6.0,93.5158,2.460942105263158,0.024,0.030000000000000006,0.4640000000000001,0.016200000000000003,-0.195,-0.06,2.0,0.0,1.0
Ryan Gravenberch,Liverpool,MID,5.5,93.44739999999994,2.4591421052631564,0.06600000000000002,0.096,0.0,0.04860000000000001,-0.165,-0.06,2.0,0.0,1.0
Harvey Elliott,Liverpool,MID,5.5,93.44739999999994,2.4591421052631564,0.06600000000000002,0.096,0.0,0.04860000000000001,-0.165,-0.06,2.0,0.0,1.0
Curtis Jones,Liverpool,MID,5.5,93.44739999999994,2.4591421052631564,0.06600000000000002,0.096,0.0,0.04860000000000001,-0.165,-0.06,2.0,0.0,1.0
Martín Zubimendi Ibáñez,Arsenal,MID,5.5,93.22519999999996,2.4532947368421043,0.05720000000000001,0.0832,0.0,0.042120000000000005,-0.165,-0.06,2.0,0.0,1.0
Tijjani Reijnders,Man City,MID,5.5,93.22519999999996,2.4532947368421043,0.0616,0.0896,0.0,0.045360000000000004,-0.165,-0.06,2.0,0.0,1.0
James McAtee,Man City,MID,5.5,93.22519999999996,2.4532947368421043,0.0616,0.0896,0.0,0.045360000000000004,-0.165,-0.06,2.0,0.0,1.0
Claudio Echeverri,Man City,MID,5.5,93.22519999999996,2.4532947368421043,0.0616,0.0896,0.0,0.045360000000000004,-0.165,-0.06,2.0,0.0,1.0
Fábio Ferreira Vieira,Arsenal,MID,5.5,93.22519999999996,2.4532947368421043,0.05720000000000001,0.0832,0.0,0.042120000000000005,-0.165,-0.06,2.0,0.0,1.0
Oscar Bobb,Man City,MID,5.5,93.22519999999996,2.4532947368421043,0.0616,0.0896,0.0,0.045360000000000004,-0.165,-0.06,2.0,0.0,1.0
Christian Nørgaard,Arsenal,MID,5.5,93.22519999999996,2.4532947368421043,0.05720000000000001,0.0832,0.0,0.042120000000000005,-0.165,-0.06,2.0,0.0,1.0
Ethan Nwaneri,Arsenal,MID,5.5,93.22519999999996,2.4532947368421043,0.05720000000000001,0.0832,0.0,0.042120000000000005,-0.165,-0.06,2.0,0.0,1.0
Cristhian Mosquera,Arsenal,DEF,5.5,93.18279999999999,2.4521789473684206,0.0182,0.023399999999999997,0.3887999999999999,0.012480000000000002,-0.195,-0.06,2.0,0.0,1.0
Benjamin White,Arsenal,DEF,5.5,93.18279999999999,2.4521789473684206,0.0182,0.023399999999999997,0.3887999999999999,0.012480000000000002,-0.195,-0.06,2.0,0.0,1.0
Myles Lewis-Skelly,Arsenal,DEF,5.5,93.18279999999999,2.4521789473684206,0.0182,0.023399999999999997,0.3887999999999999,0.012480000000000002,-0.195,-0.06,2.0,0.0,1.0
Jakub Kiwior,Arsenal,DEF,5.5,93.18279999999999,2.4521789473684206,0.0182,0.023399999999999997,0.3887999999999999,0.012480000000000002,-0.195,-0.06,2.0,0.0,1.0
Jurriën Timber,Arsenal,DEF,5.5,93.18279999999999,2.4521789473684206,0.0182,0.023399999999999997,0.3887999999999999,0.012480000000000002,-0.195,-0.06,2.0,0.0,1.0
Riccardo Calafiori,Arsenal,DEF,5.5,93.18279999999999,2.4521789473684206,0.0182,0.023399999999999997,0.3887999999999999,0.012480000000000002,-0.195,-0.06,2.0,0.0,1.0
Charalampos Kostoulas,Brighton,FWD,5.0,93.08860000000001,2.4497000000000004,0.09799999999999999,0.0504,0.0,0.044520000000000004,-0.12,-0.06,2.0,0.0,1.0
Odsonne Édouard,Crystal Palace,FWD,5.0,93.08859999999999,2.4496999999999995,0.10500000000000001,0.054000000000000006,0.0,0.0477,-0.12,-0.06,2.0,0.0,1.0
Nico O'Reilly,Man City,DEF,5.0,93.0612,2.448978947368421,0.0168,0.0224,0.39199999999999996,0.011760000000000001,-0.195,-0.06,2.0,0.0,1.0
Vitor de Oliveira Nunes dos Reis,Man City,DEF,5.0,93.0612,2.448978947368421,0.0168,0.0224,0.39199999999999996,0.011760000000000001,-0.195,-0.06,2.0,0.0,1.0
Rico Lewis,Man City,DEF,5.0,93.0612,2.448978947368421,0.0168,0.0224,0.39199999999999996,0.011760000000000001,-0.195,-0.06,2.0,0.0,1.0
Donyell Malen,Aston Villa,MID,5.5,93.00299999999996,2.4474473684210514,0.0704,0.1024,0.0,0.05184000000000001,-0.165,-0.06,2.0,0.0,1.0
Leon Bailey,Aston Villa,MID,5.5,93.00299999999996,2.4474473684210514,0.0704,0.1024,0.0,0.05184000000000001,-0.165,-0.06,2.0,0.0,1.0
Emiliano Buendía Stati,Aston Villa,MID,5.5,93.00299999999996,2.4474473684210514,0.0704,0.1024,0.0,0.05184000000000001,-0.165,-0.06,2.0,0.0,1.0
Jacob Ramsey,Aston Villa,MID,5.5,93.00299999999996,2.4474473684210514,0.0704,0.1024,0.0,0.05184000000000001,-0.165,-0.06,2.0,0.0,1.0
Samuel Iling-Junior,Aston Villa,MID,5.5,93.00299999999996,2.4474473684210514,0.0704,0.1024,0.0,0.05184000000000001,-0.165,-0.06,2.0,0.0,1.0
John McGinn,Aston Villa,MID,5.5,93.00299999999996,2.4474473684210514,0.0704,0.1024,0.0,0.05184000000000001,-0.165,-0.06,2.0,0.0,1.0
Sandro Tonali,Newcastle,MID,5.5,93.00299999999996,2.4474473684210514,0.066,0.096,0.0,0.048600000000000004,-0.165,-0.06,2.0,0.0,1.0
Moisés Caicedo Corozo,Chelsea,MID,5.5,93.00299999999996,2.4474473684210514,0.0704,0.1024,0.0,0.05184000000000001,-0.165,-0.06,2.0,0.0,1.0
Fábio Soares Silva,Wolves,FWD,5.0,92.87870000000002,2.4441763157894743,0.10499999999999998,0.05399999999999999,0.0,0.0477,-0.12,-0.06,2.0,0.0,1.0
Saša Kalajdžić,Wolves,FWD,5.0,92.87870000000002,2.4441763157894743,0.10499999999999998,0.05399999999999999,0.0,0.0477,-0.12,-0.06,2.0,0.0,1.0
Youssef Ramalho Chermiti,Everton,FWD,5.0,92.87869999999998,2.4441763157894734,0.09799999999999999,0.0504,0.0,0.04452,-0.12,-0.06,2.0,0.0,1.0
Antoni Milambo,Brentford,MID,5.5,92.78079999999997,2.4415999999999993,0.0704,0.1024,0.0,0.05184000000000001,-0.165,-0.06,2.0,0.0,1.0
Adama Traoré Diarra,Fulham,MID,5.5,92.78079999999997,2.4415999999999993,0.066,0.096,0.0,0.048600000000000004,-0.165,-0.06,2.0,0.0,1.0
Harry Wilson,Fulham,MID,5.5,92.78079999999997,2.4415999999999993,0.066,0.096,0.0,0.048600000000000004,-0.165,-0.06,2.0,0.0,1.0
Andreas Hoelgebaum Pereira,Fulham,MID,5.5,92.78079999999997,2.4415999999999993,0.066,0.096,0.0,0.048600000000000004,-0.165,-0.06,2.0,0.0,1.0
Manor Solomon,Spurs,MID,5.5,92.78079999999997,2.4415999999999993,0.0704,0.1024,0.0,0.05184,-0.165,-0.06,2.0,0.0,1.0
Wilson Odobert,Spurs,MID,5.5,92.78079999999997,2.4415999999999993,0.0704,0.1024,0.0,0.05184,-0.165,-0.06,2.0,0.0,1.0
Yves Bissouma,Spurs,MID,5.5,92.78079999999997,2.4415999999999993,0.0704,0.1024,0.0,0.05184,-0.165,-0.06,2.0,0.0,1.0
Lucas Bergvall,Spurs,MID,5.5,92.78079999999997,2.4415999999999993,0.0704,0.1024,0.0,0.05184,-0.165,-0.06,2.0,0.0,1.0
Rodrigo Bentancur,Spurs,MID,5.5,92.78079999999997,2.4415999999999993,0.0704,0.1024,0.0,0.05184,-0.165,-0.06,2.0,0.0,1.0
Ryan Sessegnon,Fulham,MID,5.5,92.78079999999997,2.4415999999999993,0.066,0.096,0.0,0.048600000000000004,-0.165,-0.06,2.0,0.0,1.0
Marcus Tavernier,Bournemouth,MID,5.5,92.78079999999996,2.441599999999999,0.06160000000000001,0.08959999999999999,0.0,0.045360000000000004,-0.165,-0.06,2.0,0.0,1.0
Elliot Anderson,Nott'm Forest,MID,5.5,92.78079999999996,2.441599999999999,0.0704,0.1024,0.0,0.05184000000000001,-0.165,-0.06,2.0,0.0,1.0
João Pedro Ferreira da Silva,Nott'm Forest,MID,5.5,92.78079999999996,2.441599999999999,0.0704,0.1024,0.0,0.05184000000000001,-0.165,-0.06,2.0,0.0,1.0
Abdallah Sima,Brighton,MID,5.5,92.78079999999996,2.441599999999999,0.06160000000000001,0.08959999999999999,0.0,0.045360000000000004,-0.165,-0.06,2.0,0.0,1.0
Matt O'Riley,Brighton,MID,5.5,92.78079999999996,2.441599999999999,0.06160000000000001,0.08959999999999999,0.0,0.045360000000000004,-0.165,-0.06,2.0,0.0,1.0
Carlos Henrique Casimiro,Man Utd,MID,5.5,92.78079999999996,2.441599999999999,0.06160000000000001,0.08960000000000001,0.0,0.04536000000000001,-0.165,-0.06,2.0,0.0,1.0
Jack Hinshelwood,Brighton,MID,5.5,92.78079999999996,2.441599999999999,0.06160000000000001,0.08959999999999999,0.0,0.045360000000000004,-0.165,-0.06,2.0,0.0,1.0
Brajan Gruda,Brighton,MID,5.5,92.78079999999996,2.441599999999999,0.06160000000000001,0.08959999999999999,0.0,0.045360000000000004,-0.165,-0.06,2.0,0.0,1.0
Julio Enciso Espínola,Brighton,MID,5.5,92.78079999999996,2.441599999999999,0.06160000000000001,0.08959999999999999,0.0,0.045360000000000004,-0.165,-0.06,2.0,0.0,1.0
Lukas Nmecha,Leeds,FWD,5.0,92.66880000000002,2.438652631578948,0.10499999999999998,0.05399999999999999,0.0,0.047700000000000006,-0.12,-0.06,2.0,0.0,1.0
Mateo Joseph Fernández-Regatillo,Leeds,FWD,5.0,92.66880000000002,2.438652631578948,0.10499999999999998,0.05399999999999999,0.0,0.047700000000000006,-0.12,-0.06,2.0,0.0,1.0
Patrick Bamford,Leeds,FWD,5.0,92.66880000000002,2.438652631578948,0.10499999999999998,0.05399999999999999,0.0,0.047700000000000006,-0.12,-0.06,2.0,0.0,1.0
Lyle Foster,Burnley,FWD,5.0,92.66880000000002,2.438652631578948,0.10500000000000001,0.054000000000000006,0.0,0.0477,-0.12,-0.06,2.0,0.0,1.0
Zeki Amdouni,Burnley,FWD,5.0,92.66880000000002,2.438652631578948,0.10500000000000001,0.054000000000000006,0.0,0.0477,-0.12,-0.06,2.0,0.0,1.0
João Victor Gomes da Silva,Wolves,MID,5.5,92.55859999999996,2.4357526315789464,0.066,0.096,0.0,0.04860000000000001,-0.165,-0.06,2.0,0.0,1.0
Marshall Munetsi,Wolves,MID,5.5,92.55859999999996,2.4357526315789464,0.066,0.096,0.0,0.04860000000000001,-0.165,-0.06,2.0,0.0,1.0
Gonçalo Manuel Ganchinho Guedes,Wolves,MID,5.5,92.55859999999996,2.4357526315789464,0.066,0.096,0.0,0.04860000000000001,-0.165,-0.06,2.0,0.0,1.0
Jhon Arias,Wolves,MID,5.5,92.55859999999996,2.4357526315789464,0.066,0.096,0.0,0.04860000000000001,-0.165,-0.06,2.0,0.0,1.0
Fer López González,Wolves,MID,5.5,92.55859999999996,2.4357526315789464,0.066,0.096,0.0,0.04860000000000001,-0.165,-0.06,2.0,0.0,1.0
Carlos Alcaraz Durán,Everton,MID,5.5,92.55859999999996,2.4357526315789464,0.06160000000000001,0.08960000000000001,0.0,0.045360000000000004,-0.165,-0.06,2.0,0.0,1.0
André Trindade da Costa Neto,Wolves,MID,5.5,92.55859999999996,2.4357526315789464,0.066,0.096,0.0,0.04860000000000001,-0.165,-0.06,2.0,0.0,1.0
Idrissa Gana Gueye,Everton,MID,5.5,92.55859999999996,2.4357526315789464,0.06160000000000001,0.08960000000000001,0.0,0.045360000000000004,-0.165,-0.06,2.0,0.0,1.0
Jean-Ricner Bellegarde,Wolves,MID,5.5,92.55859999999996,2.4357526315789464,0.066,0.096,0.0,0.04860000000000001,-0.165,-0.06,2.0,0.0,1.0
Ibrahima Konaté,Liverpool,DEF,5.5,92.3926,2.431384210526316,0.021,0.027000000000000003,0.4640000000000001,0.014400000000000001,-0.195,-0.06,2.0,0.0,1.0
Daniel James,Leeds,MID,5.5,92.33639999999995,2.4299052631578935,0.066,0.096,0.0,0.048600000000000004,-0.165,-0.06,2.0,0.0,1.0
Jacob Bruun Larsen,Burnley,MID,5.5,92.33639999999995,2.4299052631578935,0.066,0.096,0.0,0.04860000000000001,-0.165,-0.06,2.0,0.0,1.0
Manuel Benson Hedilazio,Burnley,MID,5.5,92.33639999999995,2.4299052631578935,0.066,0.096,0.0,0.04860000000000001,-0.165,-0.06,2.0,0.0,1.0
Jaidon Anthony,Burnley,MID,5.5,92.33639999999995,2.4299052631578935,0.066,0.096,0.0,0.04860000000000001,-0.165,-0.06,2.0,0.0,1.0
Simon Adingra,Sunderland,MID,5.5,92.33639999999995,2.4299052631578935,0.0748,0.10879999999999998,0.0,0.055080000000000004,-0.165,-0.06,2.0,0.0,1.0
Habib Diarra,Sunderland,MID,5.5,92.33639999999995,2.4299052631578935,0.0748,0.10879999999999998,0.0,0.055080000000000004,-0.165,-0.06,2.0,0.0,1.0
Patrick Roberts,Sunderland,MID,5.5,92.33639999999995,2.4299052631578935,0.0748,0.10879999999999998,0.0,0.055080000000000004,-0.165,-0.06,2.0,0.0,1.0
Jack Harrison,Leeds,MID,5.5,92.33639999999995,2.4299052631578935,0.066,0.096,0.0,0.048600000000000004,-0.165,-0.06,2.0,0.0,1.0
Wilfried Gnonto,Leeds,MID,5.5,92.33639999999995,2.4299052631578935,0.066,0.096,0.0,0.048600000000000004,-0.165,-0.06,2.0,0.0,1.0
Brenden Aaronson,Leeds,MID,5.5,92.33639999999995,2.4299052631578935,0.066,0.096,0.0,0.048600000000000004,-0.165,-0.06,2.0,0.0,1.0
Oleksandr Zinchenko,Arsenal,DEF,5.0,92.0692,2.422873684210526,0.015599999999999998,0.0208,0.3887999999999999,0.010920000000000003,-0.195,-0.06,2.0,0.0,1.0
Conor Bradley,Liverpool,DEF,5.0,91.2694,2.401826315789474,0.018,0.024,0.4640000000000001,0.0126,-0.195,-0.06,2.0,0.0,1.0
Joe Gomez,Liverpool,DEF,5.0,91.2694,2.401826315789474,0.018,0.024,0.4640000000000001,0.0126,-0.195,-0.06,2.0,0.0,1.0
Konstantinos Tsimikas,Liverpool,DEF,5.0,91.2694,2.401826315789474,0.018,0.024,0.4640000000000001,0.0126,-0.195,-0.06,2.0,0.0,1.0
Lewis Hall,Newcastle,DEF,5.5,91.01299999999999,2.395078947368421,0.021000000000000005,0.026999999999999996,0.45280000000000004,0.014400000000000001,-0.195,-0.06,2.0,0.0,1.0
Fabian Schär,Newcastle,DEF,5.5,91.01299999999999,2.395078947368421,0.021000000000000005,0.026999999999999996,0.45280000000000004,0.014400000000000001,-0.195,-0.06,2.0,0.0,1.0
Pedro Porro Sauceda,Spurs,DEF,5.5,90.9232,2.392715789473684,0.022400000000000007,0.0288,0.45280000000000004,0.015360000000000002,-0.195,-0.06,2.0,0.0,1.0
Jayden Danns,Liverpool,FWD,4.5,90.43059999999996,2.3797526315789463,0.09,0.048,0.0,0.0414,-0.12,-0.06,2.0,0.0,1.0
Marc Cucurella Saseta,Chelsea,DEF,6.0,90.23700000000001,2.3746578947368424,0.0256,0.032,0.3904,0.01728,-0.195,-0.06,2.0,0.0,1.0
Sean Neave,Newcastle,FWD,4.5,90.067,2.3701842105263156,0.09,0.048,0.0,0.041400000000000006,-0.12,-0.06,2.0,0.0,1.0
Zépiqueno Redmond,Aston Villa,FWD,4.5,90.06699999999996,2.3701842105263147,0.096,0.0512,0.0,0.044160000000000005,-0.12,-0.06,2.0,0.0,1.0
Marc Guiu Paz,Chelsea,FWD,4.5,90.06699999999996,2.3701842105263147,0.096,0.0512,0.0,0.04416,-0.12,-0.06,2.0,0.0,1.0
Ben Doak,Liverpool,MID,5.0,90.04269999999994,2.3695447368421036,0.05700000000000001,0.08399999999999999,0.0,0.042300000000000004,-0.165,-0.06,2.0,0.0,1.0
Endo Wataru,Liverpool,MID,5.0,90.04269999999994,2.3695447368421036,0.05700000000000001,0.08399999999999999,0.0,0.042300000000000004,-0.165,-0.06,2.0,0.0,1.0
Kieran Trippier,Newcastle,DEF,5.0,89.909,2.366026315789474,0.018000000000000002,0.024,0.45280000000000004,0.0126,-0.195,-0.06,2.0,0.0,1.0
Tino Livramento,Newcastle,DEF,5.0,89.909,2.366026315789474,0.018000000000000002,0.024,0.45280000000000004,0.0126,-0.195,-0.06,2.0,0.0,1.0
Dan Burn,Newcastle,DEF,5.0,89.909,2.366026315789474,0.018000000000000002,0.024,0.45280000000000004,0.0126,-0.195,-0.06,2.0,0.0,1.0
Sven Botman,Newcastle,DEF,5.0,89.909,2.366026315789474,0.018000000000000002,0.024,0.45280000000000004,0.0126,-0.195,-0.06,2.0,0.0,1.0
Iwan Morgan,Brentford,FWD,4.5,89.88520000000001,2.3654,0.096,0.0512,0.0,0.04416,-0.12,-0.06,2.0,0.0,1.0
Dane Scarlett,Spurs,FWD,4.5,89.88519999999998,2.3653999999999997,0.096,0.0512,0.0,0.04416,-0.12,-0.06,2.0,0.0,1.0
Zach Marsh,Crystal Palace,FWD,4.5,89.88519999999998,2.3653999999999997,0.09,0.048,0.0,0.0414,-0.12,-0.06,2.0,0.0,1.0
Ethan Wheatley,Man Utd,FWD,4.5,89.88519999999998,2.3653999999999997,0.084,0.044800000000000006,0.0,0.038639999999999994,-0.12,-0.06,2.0,0.0,1.0
Eli Junior Kroupi,Bournemouth,FWD,4.5,89.88519999999998,2.3653999999999997,0.08399999999999999,0.04479999999999999,0.0,0.03864000000000001,-0.12,-0.06,2.0,0.0,1.0
Chido Obi,Man Utd,FWD,4.5,89.88519999999998,2.3653999999999997,0.084,0.044800000000000006,0.0,0.038639999999999994,-0.12,-0.06,2.0,0.0,1.0
Daniel Adu-Adjei,Bournemouth,FWD,4.5,89.88519999999998,2.3653999999999997,0.08399999999999999,0.04479999999999999,0.0,0.03864000000000001,-0.12,-0.06,2.0,0.0,1.0
Will Lankshear,Spurs,FWD,4.5,89.88519999999998,2.3653999999999997,0.096,0.0512,0.0,0.04416,-0.12,-0.06,2.0,0.0,1.0
Reiss Nelson,Arsenal,MID,5.0,89.84959999999997,2.364463157894736,0.049400000000000006,0.07279999999999999,0.0,0.036660000000000005,-0.165,-0.06,2.0,0.0,1.0
Sverre Nypan,Man City,MID,5.0,89.84959999999997,2.364463157894736,0.053200000000000004,0.0784,0.0,0.03948,-0.165,-0.06,2.0,0.0,1.0
Kalvin Phillips,Man City,MID,5.0,89.84959999999997,2.364463157894736,0.053200000000000004,0.0784,0.0,0.03948,-0.165,-0.06,2.0,0.0,1.0
Brayden Clarke,Arsenal,DEF,4.0,89.84200000000001,2.364263157894737,0.0104,0.015599999999999998,0.3887999999999999,0.0078,-0.195,-0.06,2.0,0.0,1.0
Maldini Kacurri,Arsenal,DEF,4.0,89.84200000000001,2.364263157894737,0.0104,0.015599999999999998,0.3887999999999999,0.0078,-0.195,-0.06,2.0,0.0,1.0
Josh Nichols,Arsenal,DEF,4.0,89.84200000000001,2.364263157894737,0.0104,0.015599999999999998,0.3887999999999999,0.0078,-0.195,-0.06,2.0,0.0,1.0
Cristian Romero,Spurs,DEF,5.0,89.8288,2.363915789473684,0.019200000000000002,0.0256,0.45280000000000004,0.013440000000000002,-0.195,-0.06,2.0,0.0,1.0
Nathan Fraser,Wolves,FWD,4.5,89.7034,2.3606157894736843,0.09,0.048,0.0,0.0414,-0.12,-0.06,2.0,0.0,1.0
Martin Sherif,Everton,FWD,4.5,89.70339999999999,2.360615789473684,0.084,0.044800000000000006,0.0,0.03864,-0.12,-0.06,2.0,0.0,1.0
Mykhailo Mudryk,Chelsea,MID,5.0,89.65649999999997,2.3593815789473673,0.0608,0.08959999999999999,0.0,0.04512000000000001,-0.165,-0.06,2.0,0.0,1.0
Kiernan Dewsbury-Hall,Chelsea,MID,5.0,89.65649999999997,2.3593815789473673,0.0608,0.08959999999999999,0.0,0.04512000000000001,-0.165,-0.06,2.0,0.0,1.0
Roméo Lavia,Chelsea,MID,5.0,89.65649999999997,2.3593815789473673,0.0608,0.08959999999999999,0.0,0.04512000000000001,-0.165,-0.06,2.0,0.0,1.0
Tyrique George,Chelsea,MID,5.0,89.65649999999997,2.3593815789473673,0.0608,0.08959999999999999,0.0,0.04512000000000001,-0.165,-0.06,2.0,0.0,1.0
Boubacar Kamara,Aston Villa,MID,5.0,89.65649999999995,2.3593815789473673,0.0608,0.08959999999999999,0.0,0.04512,-0.165,-0.06,2.0,0.0,1.0
Ross Barkley,Aston Villa,MID,5.0,89.65649999999995,2.3593815789473673,0.0608,0.08959999999999999,0.0,0.04512,-0.165,-0.06,2.0,0.0,1.0
Amadou Onana,Aston Villa,MID,5.0,89.65649999999995,2.3593815789473673,0.0608,0.08959999999999999,0.0,0.04512,-0.165,-0.06,2.0,0.0,1.0
Lewis Dobbin,Aston Villa,MID,5.0,89.65649999999995,2.3593815789473673,0.0608,0.08959999999999999,0.0,0.04512,-0.165,-0.06,2.0,0.0,1.0
Enzo Barrenechea,Aston Villa,MID,5.0,89.65649999999995,2.3593815789473673,0.0608,0.08959999999999999,0.0,0.04512,-0.165,-0.06,2.0,0.0,1.0
Joe Willock,Newcastle,MID,5.0,89.65649999999995,2.3593815789473673,0.05700000000000001,0.08399999999999999,0.0,0.042300000000000004,-0.165,-0.06,2.0,0.0,1.0
Antoñito Cordero Campillo,Newcastle,MID,5.0,89.65649999999995,2.3593815789473673,0.05700000000000001,0.08399999999999999,0.0,0.042300000000000004,-0.165,-0.06,2.0,0.0,1.0
Callum Marshall,West Ham,FWD,4.5,89.5216,2.3558315789473685,0.096,0.0512,0.0,0.04416,-0.12,-0.06,2.0,0.0,1.0
Michael Obafemi,Burnley,FWD,4.5,89.52159999999999,2.355831578947368,0.09,0.048,0.0,0.041400000000000006,-0.12,-0.06,2.0,0.0,1.0
Ashley Barnes,Burnley,FWD,4.5,89.52159999999999,2.355831578947368,0.09,0.048,0.0,0.041400000000000006,-0.12,-0.06,2.0,0.0,1.0
Nazarii Rusyn,Sunderland,FWD,4.5,89.52159999999996,2.3558315789473676,0.10199999999999998,0.05439999999999999,0.0,0.046919999999999996,-0.12,-0.06,2.0,0.0,1.0
Ahmed Abdullahi,Sunderland,FWD,4.5,89.52159999999996,2.3558315789473676,0.10199999999999998,0.05439999999999999,0.0,0.046919999999999996,-0.12,-0.06,2.0,0.0,1.0
Luís Hemir Silva Semedo,Sunderland,FWD,4.5,89.52159999999996,2.3558315789473676,0.10199999999999998,0.05439999999999999,0.0,0.046919999999999996,-0.12,-0.06,2.0,0.0,1.0
Saša Lukić,Fulham,MID,5.0,89.46339999999998,2.3542999999999994,0.05700000000000001,0.08399999999999999,0.0,0.042300000000000004,-0.165,-0.06,2.0,0.0,1.0
Tom Cairney,Fulham,MID,5.0,89.46339999999998,2.3542999999999994,0.05700000000000001,0.08399999999999999,0.0,0.042300000000000004,-0.165,-0.06,2.0,0.0,1.0
Sander Berge,Fulham,MID,5.0,89.46339999999998,2.3542999999999994,0.05700000000000001,0.08399999999999999,0.0,0.042300000000000004,-0.165,-0.06,2.0,0.0,1.0
Luis Sinisterra Lucumí,Bournemouth,MID,5.0,89.46339999999996,2.354299999999999,0.053200000000000004,0.07839999999999998,0.0,0.03948,-0.165,-0.06,2.0,0.0,1.0
Gustavo Nunes Fernandes Gomes,Brentford,MID,5.0,89.46339999999996,2.354299999999999,0.0608,0.08959999999999999,0.0,0.04512000000000001,-0.165,-0.06,2.0,0.0,1.0
Lewis O'Brien,Nott'm Forest,MID,5.0,89.46339999999996,2.354299999999999,0.06080000000000001,0.08959999999999999,0.0,0.04512000000000001,-0.165,-0.06,2.0,0.0,1.0
Tyler Adams,Bournemouth,MID,5.0,89.46339999999996,2.354299999999999,0.053200000000000004,0.07839999999999998,0.0,0.03948,-0.165,-0.06,2.0,0.0,1.0
Ryan Christie,Bournemouth,MID,5.0,89.46339999999996,2.354299999999999,0.053200000000000004,0.07839999999999998,0.0,0.03948,-0.165,-0.06,2.0,0.0,1.0
Lewis Cook,Bournemouth,MID,5.0,89.46339999999996,2.354299999999999,0.053200000000000004,0.07839999999999998,0.0,0.03948,-0.165,-0.06,2.0,0.0,1.0
Philip Billing,Bournemouth,MID,5.0,89.46339999999996,2.354299999999999,0.053200000000000004,0.07839999999999998,0.0,0.03948,-0.165,-0.06,2.0,0.0,1.0
Alex Scott,Bournemouth,MID,5.0,89.46339999999996,2.354299999999999,0.053200000000000004,0.07839999999999998,0.0,0.03948,-0.165,-0.06,2.0,0.0,1.0
Fábio Freitas Gouveia Carvalho,Brentford,MID,5.0,89.46339999999996,2.354299999999999,0.0608,0.08959999999999999,0.0,0.04512000000000001,-0.165,-0.06,2.0,0.0,1.0
Jordan Henderson,Brentford,MID,5.0,89.46339999999996,2.354299999999999,0.0608,0.08959999999999999,0.0,0.04512000000000001,-0.165,-0.06,2.0,0.0,1.0
Vitaly Janelt,Brentford,MID,5.0,89.46339999999996,2.354299999999999,0.0608,0.08959999999999999,0.0,0.04512000000000001,-0.165,-0.06,2.0,0.0,1.0
Mathias Jensen,Brentford,MID,5.0,89.46339999999996,2.354299999999999,0.0608,0.08959999999999999,0.0,0.04512000000000001,-0.165,-0.06,2.0,0.0,1.0
Frank Onyeka,Brentford,MID,5.0,89.46339999999996,2.354299999999999,0.0608,0.08959999999999999,0.0,0.04512000000000001,-0.165,-0.06,2.0,0.0,1.0
Ryan Yates,Nott'm Forest,MID,5.0,89.46339999999996,2.354299999999999,0.06080000000000001,0.08959999999999999,0.0,0.04512000000000001,-0.165,-0.06,2.0,0.0,1.0
Yehor Yarmoliuk,Brentford,MID,5.0,89.46339999999996,2.354299999999999,0.0608,0.08959999999999999,0.0,0.04512000000000001,-0.165,-0.06,2.0,0.0,1.0
Malick Yalcouyé,Brighton,MID,5.0,89.46339999999996,2.354299999999999,0.053200000000000004,0.07839999999999998,0.0,0.03948,-0.165,-0.06,2.0,0.0,1.0
Mats Wieffer,Brighton,MID,5.0,89.46339999999996,2.354299999999999,0.053200000000000004,0.07839999999999998,0.0,0.03948,-0.165,-0.06,2.0,0.0,1.0
Tom Watson,Brighton,MID,5.0,89.46339999999996,2.354299999999999,0.053200000000000004,0.07839999999999998,0.0,0.03948,-0.165,-0.06,2.0,0.0,1.0
Jeremy Sarmiento Morante,Brighton,MID,5.0,89.46339999999996,2.354299999999999,0.053200000000000004,0.07839999999999998,0.0,0.03948,-0.165,-0.06,2.0,0.0,1.0
James Milner,Brighton,MID,5.0,89.46339999999996,2.354299999999999,0.053200000000000004,0.07839999999999998,0.0,0.03948,-0.165,-0.06,2.0,0.0,1.0
Diego Gómez Amarilla,Brighton,MID,5.0,89.46339999999996,2.354299999999999,0.053200000000000004,0.07839999999999998,0.0,0.03948,-0.165,-0.06,2.0,0.0,1.0
Facundo Buonanotte,Brighton,MID,5.0,89.46339999999996,2.354299999999999,0.053200000000000004,0.07839999999999998,0.0,0.03948,-0.165,-0.06,2.0,0.0,1.0
Carlos Baleba,Brighton,MID,5.0,89.46339999999996,2.354299999999999,0.053200000000000004,0.07839999999999998,0.0,0.03948,-0.165,-0.06,2.0,0.0,1.0
Yasin Ayari,Brighton,MID,5.0,89.46339999999996,2.354299999999999,0.053200000000000004,0.07839999999999998,0.0,0.03948,-0.165,-0.06,2.0,0.0,1.0
Ibrahim Sangaré,Nott'm Forest,MID,5.0,89.46339999999996,2.354299999999999,0.06080000000000001,0.08959999999999999,0.0,0.04512000000000001,-0.165,-0.06,2.0,0.0,1.0
David Brooks,Bournemouth,MID,5.0,89.46339999999996,2.354299999999999,0.053200000000000004,0.07839999999999998,0.0,0.03948,-0.165,-0.06,2.0,0.0,1.0
Daichi Kamada,Crystal Palace,MID,5.0,89.46339999999996,2.354299999999999,0.05700000000000001,0.08399999999999999,0.0,0.042300000000000004,-0.165,-0.06,2.0,0.0,1.0
Pape Matar Sarr,Spurs,MID,5.0,89.46339999999996,2.354299999999999,0.06080000000000001,0.08959999999999999,0.0,0.04512000000000001,-0.165,-0.06,2.0,0.0,1.0
Jefferson Lerma Solís,Crystal Palace,MID,5.0,89.46339999999996,2.354299999999999,0.05700000000000001,0.08399999999999999,0.0,0.042300000000000004,-0.165,-0.06,2.0,0.0,1.0
Adam Wharton,Crystal Palace,MID,5.0,89.46339999999996,2.354299999999999,0.05700000000000001,0.08399999999999999,0.0,0.042300000000000004,-0.165,-0.06,2.0,0.0,1.0
Will Hughes,Crystal Palace,MID,5.0,89.46339999999996,2.354299999999999,0.05700000000000001,0.08399999999999999,0.0,0.042300000000000004,-0.165,-0.06,2.0,0.0,1.0
Romain Esse,Crystal Palace,MID,5.0,89.46339999999996,2.354299999999999,0.05700000000000001,0.08399999999999999,0.0,0.042300000000000004,-0.165,-0.06,2.0,0.0,1.0
Archie Gray,Spurs,MID,5.0,89.46339999999996,2.354299999999999,0.06080000000000001,0.08959999999999999,0.0,0.04512000000000001,-0.165,-0.06,2.0,0.0,1.0
Bryan Gil Salvatierra,Spurs,MID,5.0,89.46339999999996,2.354299999999999,0.06080000000000001,0.08959999999999999,0.0,0.04512000000000001,-0.165,-0.06,2.0,0.0,1.0
Mikey Moore,Spurs,MID,5.0,89.46339999999996,2.354299999999999,0.06080000000000001,0.08959999999999999,0.0,0.04512000000000001,-0.165,-0.06,2.0,0.0,1.0
Manuel Ugarte Ribeiro,Man Utd,MID,5.0,89.46339999999995,2.3542999999999985,0.053200000000000004,0.0784,0.0,0.03948,-0.165,-0.06,2.0,0.0,1.0
Kobbie Mainoo,Man Utd,MID,5.0,89.46339999999995,2.3542999999999985,0.053200000000000004,0.0784,0.0,0.03948,-0.165,-0.06,2.0,0.0,1.0
Boubacar Traoré,Wolves,MID,5.0,89.27029999999998,2.349218421052631,0.05700000000000001,0.08399999999999999,0.0,0.042300000000000004,-0.165,-0.06,2.0,0.0,1.0
James Garner,Everton,MID,5.0,89.27029999999995,2.34921842105263,0.053200000000000004,0.0784,0.0,0.03948,-0.165,-0.06,2.0,0.0,1.0
Tim Iroegbunam,Everton,MID,5.0,89.27029999999995,2.34921842105263,0.053200000000000004,0.0784,0.0,0.03948,-0.165,-0.06,2.0,0.0,1.0
Reece James,Chelsea,DEF,5.5,89.13300000000001,2.345605263157895,0.022400000000000003,0.0288,0.3904,0.015360000000000002,-0.195,-0.06,2.0,0.0,1.0
Edson Álvarez Velázquez,West Ham,MID,5.0,89.07719999999998,2.3441368421052626,0.0608,0.08959999999999999,0.0,0.04512000000000001,-0.165,-0.06,2.0,0.0,1.0
Maxwel Cornet,West Ham,MID,5.0,89.07719999999998,2.3441368421052626,0.0608,0.08959999999999999,0.0,0.04512000000000001,-0.165,-0.06,2.0,0.0,1.0
Guido Rodríguez,West Ham,MID,5.0,89.07719999999998,2.3441368421052626,0.0608,0.08959999999999999,0.0,0.04512000000000001,-0.165,-0.06,2.0,0.0,1.0
Luis Guilherme Lira dos Santos,West Ham,MID,5.0,89.07719999999998,2.3441368421052626,0.0608,0.08959999999999999,0.0,0.04512000000000001,-0.165,-0.06,2.0,0.0,1.0
Loum Tchaouna,Burnley,MID,5.0,89.07719999999996,2.344136842105262,0.05700000000000001,0.08399999999999999,0.0,0.042300000000000004,-0.165,-0.06,2.0,0.0,1.0
Ilia Gruev,Leeds,MID,5.0,89.07719999999996,2.344136842105262,0.05700000000000001,0.08399999999999999,0.0,0.042300000000000004,-0.165,-0.06,2.0,0.0,1.0
Sam Greenwood,Leeds,MID,5.0,89.07719999999996,2.344136842105262,0.05700000000000001,0.08399999999999999,0.0,0.042300000000000004,-0.165,-0.06,2.0,0.0,1.0
Largie Ramazani,Leeds,MID,5.0,89.07719999999996,2.344136842105262,0.05700000000000001,0.08399999999999999,0.0,0.042300000000000004,-0.165,-0.06,2.0,0.0,1.0
Anton Stach,Leeds,MID,5.0,89.07719999999996,2.344136842105262,0.05700000000000001,0.08399999999999999,0.0,0.042300000000000004,-0.165,-0.06,2.0,0.0,1.0
Sean Longstaff,Leeds,MID,5.0,89.07719999999996,2.344136842105262,0.05700000000000001,0.08399999999999999,0.0,0.042300000000000004,-0.165,-0.06,2.0,0.0,1.0
Ethan Ampadu,Leeds,MID,5.0,89.07719999999996,2.344136842105262,0.05700000000000001,0.08399999999999999,0.0,0.042300000000000004,-0.165,-0.06,2.0,0.0,1.0
Hannibal Mejbri,Burnley,MID,5.0,89.07719999999996,2.344136842105262,0.05700000000000001,0.08399999999999999,0.0,0.042300000000000004,-0.165,-0.06,2.0,0.0,1.0
Josh Laurent,Burnley,MID,5.0,89.07719999999996,2.344136842105262,0.05700000000000001,0.08399999999999999,0.0,0.042300000000000004,-0.165,-0.06,2.0,0.0,1.0
Enock Agyei,Burnley,MID,5.0,89.07719999999996,2.344136842105262,0.05700000000000001,0.08399999999999999,0.0,0.042300000000000004,-0.165,-0.06,2.0,0.0,1.0
Chemsdine Talbi,Sunderland,MID,5.0,89.07719999999996,2.344136842105262,0.0646,0.09519999999999998,0.0,0.04794,-0.165,-0.06,2.0,0.0,1.0
Noah Sadiki,Sunderland,MID,5.0,89.07719999999996,2.344136842105262,0.0646,0.09519999999999998,0.0,0.04794,-0.165,-0.06,2.0,0.0,1.0
Chris Rigg,Sunderland,MID,5.0,89.07719999999996,2.344136842105262,0.0646,0.09519999999999998,0.0,0.04794,-0.165,-0.06,2.0,0.0,1.0
Ian Poveda-Ocampo,Sunderland,MID,5.0,89.07719999999996,2.344136842105262,0.0646,0.09519999999999998,0.0,0.04794,-0.165,-0.06,2.0,0.0,1.0
Dan Neil,Sunderland,MID,5.0,89.07719999999996,2.344136842105262,0.0646,0.09519999999999998,0.0,0.04794,-0.165,-0.06,2.0,0.0,1.0
Romaine Mundle,Sunderland,MID,5.0,89.07719999999996,2.344136842105262,0.0646,0.09519999999999998,0.0,0.04794,-0.165,-0.06,2.0,0.0,1.0
Enzo Le Fée,Sunderland,MID,5.0,89.07719999999996,2.344136842105262,0.0646,0.09519999999999998,0.0,0.04794,-0.165,-0.06,2.0,0.0,1.0
Milan Aleksić,Sunderland,MID,5.0,89.07719999999996,2.344136842105262,0.0646,0.09519999999999998,0.0,0.04794,-0.165,-0.06,2.0,0.0,1.0
Darko Churlinov,Burnley,MID,5.0,89.07719999999996,2.344136842105262,0.05700000000000001,0.08399999999999999,0.0,0.042300000000000004,-0.165,-0.06,2.0,0.0,1.0
Luca Koleosho,Burnley,MID,5.0,89.07719999999996,2.344136842105262,0.05700000000000001,0.08399999999999999,0.0,0.042300000000000004,-0.165,-0.06,2.0,0.0,1.0
Josh Cullen,Burnley,MID,5.0,89.07719999999996,2.344136842105262,0.05700000000000001,0.08399999999999999,0.0,0.042300000000000004,-0.165,-0.06,2.0,0.0,1.0
Marcus Edwards,Burnley,MID,5.0,89.07719999999996,2.344136842105262,0.05700000000000001,0.08399999999999999,0.0,0.042300000000000004,-0.165,-0.06,2.0,0.0,1.0
Tanaka Ao,Leeds,MID,5.0,89.07719999999996,2.344136842105262,0.05700000000000001,0.08399999999999999,0.0,0.042300000000000004,-0.165,-0.06,2.0,0.0,1.0
Amara Nallo,Liverpool,DEF,4.0,89.023,2.3427105263157895,0.012,0.018,0.4640000000000001,0.009,-0.195,-0.06,2.0,0.0,1.0
Rhys Williams,Liverpool,DEF,4.0,89.023,2.3427105263157895,0.012,0.018,0.4640000000000001,0.009,-0.195,-0.06,2.0,0.0,1.0
Calvin Ramsay,Liverpool,DEF,4.0,89.023,2.3427105263157895,0.012,0.018,0.4640000000000001,0.009,-0.195,-0.06,2.0,0.0,1.0
Noussair Mazraoui,Man Utd,DEF,5.0,88.86879999999998,2.3386526315789467,0.016800000000000002,0.022400000000000003,0.3328000000000001,0.011760000000000001,-0.195,-0.06,2.0,0.0,1.0
Lisandro Martínez,Man Utd,DEF,5.0,88.86879999999998,2.3386526315789467,0.016800000000000002,0.022400000000000003,0.3328000000000001,0.011760000000000001,-0.195,-0.06,2.0,0.0,1.0
Matthijs de Ligt,Man Utd,DEF,5.0,88.86879999999998,2.3386526315789467,0.016800000000000002,0.022400000000000003,0.3328000000000001,0.011760000000000001,-0.195,-0.06,2.0,0.0,1.0
Jamaal Lascelles,Newcastle,DEF,4.5,88.805,2.3369736842105264,0.015000000000000003,0.020999999999999998,0.45280000000000004,0.0108,-0.195,-0.06,2.0,0.0,1.0
Emil Krafth,Newcastle,DEF,4.5,88.805,2.3369736842105264,0.015000000000000003,0.020999999999999998,0.45280000000000004,0.0108,-0.195,-0.06,2.0,0.0,1.0
Kevin Danso,Spurs,DEF,4.5,88.7344,2.3351157894736843,0.016,0.022399999999999996,0.45280000000000004,0.011519999999999999,-0.195,-0.06,2.0,0.0,1.0
Ben Davies,Spurs,DEF,4.5,88.7344,2.3351157894736843,0.016,0.022399999999999996,0.45280000000000004,0.011519999999999999,-0.195,-0.06,2.0,0.0,1.0
Djed Spence,Spurs,DEF,4.5,88.7344,2.3351157894736843,0.016,0.022399999999999996,0.45280000000000004,0.011519999999999999,-0.195,-0.06,2.0,0.0,1.0
Destiny Udogie,Spurs,DEF,4.5,88.7344,2.3351157894736843,0.016,0.022399999999999996,0.45280000000000004,0.011519999999999999,-0.195,-0.06,2.0,0.0,1.0
Micky van de Ven,Spurs,DEF,4.5,88.7344,2.3351157894736843,0.016,0.022399999999999996,0.45280000000000004,0.011519999999999999,-0.195,-0.06,2.0,0.0,1.0
Ederson Santana de Moraes,Man City,GK,5.5,88.464,2.328,0.0,0.0,0.39199999999999996,0.0,-0.12,-0.06,2.0,0.0,1.0
Marcus Bettinelli,Man City,GK,4.0,88.464,2.328,0.0,0.0,0.39199999999999996,0.0,-0.12,-0.06,2.0,0.0,1.0
Stefan Ortega Moreno,Man City,GK,5.0,88.464,2.328,0.0,0.0,0.39199999999999996,0.0,-0.12,-0.06,2.0,0.0,1.0
Levi Samuels Colwill,Chelsea,DEF,5.0,88.02900000000001,2.3165526315789475,0.019200000000000002,0.0256,0.3904,0.013440000000000002,-0.195,-0.06,2.0,0.0,1.0
Malo Gusto,Chelsea,DEF,5.0,88.02900000000001,2.3165526315789475,0.019200000000000002,0.0256,0.3904,0.013440000000000002,-0.195,-0.06,2.0,0.0,1.0
Trevoh Chalobah,Chelsea,DEF,5.0,88.02900000000001,2.3165526315789475,0.019200000000000002,0.0256,0.3904,0.013440000000000002,-0.195,-0.06,2.0,0.0,1.0
Daniel Muñoz Mejía,Crystal Palace,DEF,5.5,87.8512,2.3118736842105263,0.021,0.027000000000000003,0.3808000000000001,0.014400000000000001,-0.195,-0.06,2.0,0.0,1.0
Ezri Konsa Ngoyo,Aston Villa,DEF,4.5,87.84499999999998,2.311710526315789,0.016,0.022399999999999996,0.45120000000000005,0.01152,-0.195,-0.06,2.0,0.0,1.0
Lucas Digne,Aston Villa,DEF,4.5,87.84499999999998,2.311710526315789,0.016,0.022399999999999996,0.45120000000000005,0.01152,-0.195,-0.06,2.0,0.0,1.0
Matty Cash,Aston Villa,DEF,4.5,87.84499999999998,2.311710526315789,0.016,0.022399999999999996,0.45120000000000005,0.01152,-0.195,-0.06,2.0,0.0,1.0
Ian Maatsen,Aston Villa,DEF,4.5,87.84499999999998,2.311710526315789,0.016,0.022399999999999996,0.45120000000000005,0.01152,-0.195,-0.06,2.0,0.0,1.0
Tyrone Mings,Aston Villa,DEF,4.5,87.84499999999998,2.311710526315789,0.016,0.022399999999999996,0.45120000000000005,0.01152,-0.195,-0.06,2.0,0.0,1.0
Pau Torres,Aston Villa,DEF,4.5,87.84499999999998,2.311710526315789,0.016,0.022399999999999996,0.45120000000000005,0.01152,-0.195,-0.06,2.0,0.0,1.0
Diego León Blanco,Man Utd,DEF,4.5,87.7744,2.309852631578947,0.014000000000000002,0.0196,0.3328000000000001,0.01008,-0.195,-0.06,2.0,0.0,1.0
Diogo Dalot Teixeira,Man Utd,DEF,4.5,87.7744,2.309852631578947,0.014000000000000002,0.0196,0.3328000000000001,0.01008,-0.195,-0.06,2.0,0.0,1.0
Patrick Dorgu,Man Utd,DEF,4.5,87.7744,2.309852631578947,0.014000000000000002,0.0196,0.3328000000000001,0.01008,-0.195,-0.06,2.0,0.0,1.0
Luke Shaw,Man Utd,DEF,4.5,87.7744,2.309852631578947,0.014000000000000002,0.0196,0.3328000000000001,0.01008,-0.195,-0.06,2.0,0.0,1.0
Leny Yoro,Man Utd,DEF,4.5,87.7744,2.309852631578947,0.014000000000000002,0.0196,0.3328000000000001,0.01008,-0.195,-0.06,2.0,0.0,1.0
Harry Maguire,Man Utd,DEF,4.5,87.7744,2.309852631578947,0.014000000000000002,0.0196,0.3328000000000001,0.01008,-0.195,-0.06,2.0,0.0,1.0
Keane Lewis-Potter,Brentford,DEF,5.0,87.76480000000001,2.3096,0.019200000000000002,0.0256,0.42560000000000003,0.013440000000000002,-0.195,-0.06,2.0,0.0,1.0
Nathan Collins,Brentford,DEF,5.0,87.76480000000001,2.3096,0.019200000000000002,0.0256,0.42560000000000003,0.013440000000000002,-0.195,-0.06,2.0,0.0,1.0
Alex Murphy,Newcastle,DEF,4.0,87.70100000000001,2.307921052631579,0.012,0.018000000000000002,0.45280000000000004,0.009000000000000001,-0.195,-0.06,2.0,0.0,1.0
Harrison Ashby,Newcastle,DEF,4.0,87.70100000000001,2.307921052631579,0.012,0.018000000000000002,0.45280000000000004,0.009000000000000001,-0.195,-0.06,2.0,0.0,1.0
Miodrag Pivaš,Newcastle,DEF,4.0,87.70100000000001,2.307921052631579,0.012,0.018000000000000002,0.45280000000000004,0.009000000000000001,-0.195,-0.06,2.0,0.0,1.0
Matt Targett,Newcastle,DEF,4.0,87.70100000000001,2.307921052631579,0.012,0.018000000000000002,0.45280000000000004,0.009000000000000001,-0.195,-0.06,2.0,0.0,1.0
Takai Kōta,Spurs,DEF,4.0,87.64000000000001,2.3063157894736848,0.0128,0.019200000000000002,0.45280000000000004,0.009600000000000001,-0.195,-0.06,2.0,0.0,1.0
Ashley Phillips,Spurs,DEF,4.0,87.64000000000001,2.3063157894736848,0.0128,0.019200000000000002,0.45280000000000004,0.009600000000000001,-0.195,-0.06,2.0,0.0,1.0
Luka Vušković,Spurs,DEF,4.0,87.64000000000001,2.3063157894736848,0.0128,0.019200000000000002,0.45280000000000004,0.009600000000000001,-0.195,-0.06,2.0,0.0,1.0
Diego Coppola,Brighton,DEF,4.5,87.63039999999998,2.3060631578947364,0.014000000000000002,0.019599999999999996,0.3488,0.01008,-0.195,-0.06,2.0,0.0,1.0
Olivier Boscagli,Brighton,DEF,4.5,87.63039999999998,2.3060631578947364,0.014000000000000002,0.019599999999999996,0.3488,0.01008,-0.195,-0.06,2.0,0.0,1.0
Maxim De Cuyper,Brighton,DEF,4.5,87.63039999999998,2.3060631578947364,0.014000000000000002,0.019599999999999996,0.3488,0.01008,-0.195,-0.06,2.0,0.0,1.0
Lewis Dunk,Brighton,DEF,4.5,87.63039999999998,2.3060631578947364,0.014000000000000002,0.019599999999999996,0.3488,0.01008,-0.195,-0.06,2.0,0.0,1.0
Pervis Estupiñán Tenorio,Brighton,DEF,4.5,87.63039999999998,2.3060631578947364,0.014000000000000002,0.019599999999999996,0.3488,0.01008,-0.195,-0.06,2.0,0.0,1.0
Ferdi Kadıoğlu,Brighton,DEF,4.5,87.63039999999998,2.3060631578947364,0.014000000000000002,0.019599999999999996,0.3488,0.01008,-0.195,-0.06,2.0,0.0,1.0
Igor Julio dos Santos de Paulo,Brighton,DEF,4.5,87.63039999999998,2.3060631578947364,0.014000000000000002,0.019599999999999996,0.3488,0.01008,-0.195,-0.06,2.0,0.0,1.0
Tariq Lamptey,Brighton,DEF,4.5,87.63039999999998,2.3060631578947364,0.014000000000000002,0.019599999999999996,0.3488,0.01008,-0.195,-0.06,2.0,0.0,1.0
Adam Webster,Brighton,DEF,4.5,87.63039999999998,2.3060631578947364,0.014000000000000002,0.019599999999999996,0.3488,0.01008,-0.195,-0.06,2.0,0.0,1.0
Joël Veltman,Brighton,DEF,4.5,87.63039999999998,2.3060631578947364,0.014000000000000002,0.019599999999999996,0.3488,0.01008,-0.195,-0.06,2.0,0.0,1.0
Jan Paul van Hecke,Brighton,DEF,4.5,87.63039999999998,2.3060631578947364,0.014000000000000002,0.019599999999999996,0.3488,0.01008,-0.195,-0.06,2.0,0.0,1.0
Tommy Setford,Arsenal,GK,4.0,87.47199999999998,2.3018947368421045,0.0,0.0,0.3887999999999999,0.0,-0.12,-0.06,2.0,0.0,1.0
Karl Hein,Arsenal,GK,4.0,87.47199999999998,2.3018947368421045,0.0,0.0,0.3887999999999999,0.0,-0.12,-0.06,2.0,0.0,1.0
David Raya Martín,Arsenal,GK,5.5,87.47199999999998,2.3018947368421045,0.0,0.0,0.3887999999999999,0.0,-0.12,-0.06,2.0,0.0,1.0
Kepa Arrizabalaga Revuelta,Arsenal,GK,4.5,87.47199999999998,2.3018947368421045,0.0,0.0,0.3887999999999999,0.0,-0.12,-0.06,2.0,0.0,1.0
Wesley Fofana,Chelsea,DEF,4.5,86.92499999999998,2.2874999999999996,0.016,0.022399999999999996,0.3904,0.011520000000000002,-0.195,-0.06,2.0,0.0,1.0
Tosin Adarabioyo,Chelsea,DEF,4.5,86.92499999999998,2.2874999999999996,0.016,0.022399999999999996,0.3904,0.011520000000000002,-0.195,-0.06,2.0,0.0,1.0
Mamadou Sarr,Chelsea,DEF,4.5,86.92499999999998,2.2874999999999996,0.016,0.022399999999999996,0.3904,0.011520000000000002,-0.195,-0.06,2.0,0.0,1.0
Benoît Badiashile Mukinayi,Chelsea,DEF,4.5,86.92499999999998,2.2874999999999996,0.016,0.022399999999999996,0.3904,0.011520000000000002,-0.195,-0.06,2.0,0.0,1.0
Borna Sosa,Crystal Palace,DEF,5.0,86.7568,2.2830736842105264,0.018,0.024,0.3808000000000001,0.0126,-0.195,-0.06,2.0,0.0,1.0
Maxence Lacroix,Crystal Palace,DEF,5.0,86.7568,2.2830736842105264,0.018,0.024,0.3808000000000001,0.0126,-0.195,-0.06,2.0,0.0,1.0
Tyrick Mitchell,Crystal Palace,DEF,5.0,86.7568,2.2830736842105264,0.018,0.024,0.3808000000000001,0.0126,-0.195,-0.06,2.0,0.0,1.0
Yasin Özcan,Aston Villa,DEF,4.0,86.741,2.282657894736842,0.0128,0.019200000000000002,0.45120000000000005,0.009600000000000001,-0.195,-0.06,2.0,0.0,1.0
Lino da Cruz Sousa,Aston Villa,DEF,4.0,86.741,2.282657894736842,0.0128,0.019200000000000002,0.45120000000000005,0.009600000000000001,-0.195,-0.06,2.0,0.0,1.0
Lamare Bogarde,Aston Villa,DEF,4.0,86.741,2.282657894736842,0.0128,0.019200000000000002,0.45120000000000005,0.009600000000000001,-0.195,-0.06,2.0,0.0,1.0
Álex Moreno Lopera,Aston Villa,DEF,4.0,86.741,2.282657894736842,0.0128,0.019200000000000002,0.45120000000000005,0.009600000000000001,-0.195,-0.06,2.0,0.0,1.0
Andrés García,Aston Villa,DEF,4.0,86.741,2.282657894736842,0.0128,0.019200000000000002,0.45120000000000005,0.009600000000000001,-0.195,-0.06,2.0,0.0,1.0
Jarrad Branthwaite,Everton,DEF,5.5,86.68940000000002,2.2813000000000003,0.019600000000000003,0.0252,0.3136,0.013440000000000002,-0.195,-0.06,2.0,0.0,1.0
James Tarkowski,Everton,DEF,5.5,86.68940000000002,2.2813000000000003,0.019600000000000003,0.0252,0.3136,0.013440000000000002,-0.195,-0.06,2.0,0.0,1.0
Tyrell Malacia,Man Utd,DEF,4.0,86.67999999999998,2.2810526315789468,0.011200000000000002,0.016800000000000002,0.3328000000000001,0.008400000000000001,-0.195,-0.06,2.0,0.0,1.0
Harry Amass,Man Utd,DEF,4.0,86.67999999999998,2.2810526315789468,0.011200000000000002,0.016800000000000002,0.3328000000000001,0.008400000000000001,-0.195,-0.06,2.0,0.0,1.0
Tyler Fredricson,Man Utd,DEF,4.0,86.67999999999998,2.2810526315789468,0.011200000000000002,0.016800000000000002,0.3328000000000001,0.008400000000000001,-0.195,-0.06,2.0,0.0,1.0
Ayden Heaven,Man Utd,DEF,4.0,86.67999999999998,2.2810526315789468,0.011200000000000002,0.016800000000000002,0.3328000000000001,0.008400000000000001,-0.195,-0.06,2.0,0.0,1.0
Mads Roerslev Rasmussen,Brentford,DEF,4.5,86.67039999999997,2.2807999999999993,0.016,0.022399999999999996,0.42560000000000003,0.011520000000000002,-0.195,-0.06,2.0,0.0,1.0
Ethan Pinnock,Brentford,DEF,4.5,86.67039999999997,2.2807999999999993,0.016,0.022399999999999996,0.42560000000000003,0.011520000000000002,-0.195,-0.06,2.0,0.0,1.0
Michael Kayode,Brentford,DEF,4.5,86.67039999999997,2.2807999999999993,0.016,0.022399999999999996,0.42560000000000003,0.011520000000000002,-0.195,-0.06,2.0,0.0,1.0
Rico Henry,Brentford,DEF,4.5,86.67039999999997,2.2807999999999993,0.016,0.022399999999999996,0.42560000000000003,0.011520000000000002,-0.195,-0.06,2.0,0.0,1.0
Kristoffer Ajer,Brentford,DEF,4.5,86.67039999999997,2.2807999999999993,0.016,0.022399999999999996,0.42560000000000003,0.011520000000000002,-0.195,-0.06,2.0,0.0,1.0
Sepp van den Berg,Brentford,DEF,4.5,86.67039999999997,2.2807999999999993,0.016,0.022399999999999996,0.42560000000000003,0.011520000000000002,-0.195,-0.06,2.0,0.0,1.0
Trey Nyoni,Liverpool,MID,4.5,86.63799999999998,2.279947368421052,0.048,0.072,0.0,0.036,-0.165,-0.06,2.0,0.0,1.0
Tyler Morton,Liverpool,MID,4.5,86.63799999999998,2.279947368421052,0.048,0.072,0.0,0.036,-0.165,-0.06,2.0,0.0,1.0
James McConnell,Liverpool,MID,4.5,86.63799999999998,2.279947368421052,0.048,0.072,0.0,0.036,-0.165,-0.06,2.0,0.0,1.0
Stefan Bajčetić Maquieira,Liverpool,MID,4.5,86.63799999999998,2.279947368421052,0.048,0.072,0.0,0.036,-0.165,-0.06,2.0,0.0,1.0
Alisson Becker,Liverpool,GK,5.5,86.60799999999996,2.279157894736841,0.0,0.0,0.4640000000000001,0.0,-0.12,-0.06,2.0,0.0,1.0
Freddie Woodman,Liverpool,GK,4.0,86.60799999999996,2.279157894736841,0.0,0.0,0.4640000000000001,0.0,-0.12,-0.06,2.0,0.0,1.0
Ármin Pécsi,Liverpool,GK,4.0,86.60799999999996,2.279157894736841,0.0,0.0,0.4640000000000001,0.0,-0.12,-0.06,2.0,0.0,1.0
Giorgi Mamardashvili,Liverpool,GK,4.5,86.60799999999996,2.279157894736841,0.0,0.0,0.4640000000000001,0.0,-0.12,-0.06,2.0,0.0,1.0
Charlie Tasker,Brighton,DEF,4.0,86.536,2.277263157894737,0.011199999999999998,0.016800000000000002,0.3488,0.008400000000000001,-0.195,-0.06,2.0,0.0,1.0
Jacob Slater,Brighton,DEF,4.0,86.536,2.277263157894737,0.011199999999999998,0.016800000000000002,0.3488,0.008400000000000001,-0.195,-0.06,2.0,0.0,1.0
Eiran Cashin,Brighton,DEF,4.0,86.536,2.277263157894737,0.011199999999999998,0.016800000000000002,0.3488,0.008400000000000001,-0.195,-0.06,2.0,0.0,1.0
Albert Sambi Lokonga,Arsenal,MID,4.5,86.47399999999999,2.275631578947368,0.0416,0.06239999999999999,0.0,0.0312,-0.165,-0.06,2.0,0.0,1.0
Ismeal Kabia,Arsenal,MID,4.5,86.47399999999999,2.275631578947368,0.0416,0.06239999999999999,0.0,0.0312,-0.165,-0.06,2.0,0.0,1.0
Ben Broggio,Aston Villa,MID,4.5,86.30999999999999,2.2713157894736837,0.0512,0.07680000000000001,0.0,0.038400000000000004,-0.165,-0.06,2.0,0.0,1.0
Leander Dendoncker,Aston Villa,MID,4.5,86.30999999999999,2.2713157894736837,0.0512,0.07680000000000001,0.0,0.038400000000000004,-0.165,-0.06,2.0,0.0,1.0
Andrey Nascimento dos Santos,Chelsea,MID,4.5,86.30999999999999,2.2713157894736837,0.0512,0.07680000000000001,0.0,0.038400000000000004,-0.165,-0.06,2.0,0.0,1.0
Kadan Young,Aston Villa,MID,4.5,86.30999999999999,2.2713157894736837,0.0512,0.07680000000000001,0.0,0.038400000000000004,-0.165,-0.06,2.0,0.0,1.0
Kendry Páez Andrade,Chelsea,MID,4.5,86.30999999999999,2.2713157894736837,0.0512,0.07680000000000001,0.0,0.038400000000000004,-0.165,-0.06,2.0,0.0,1.0
Dário Luís Essugo,Chelsea,MID,4.5,86.30999999999999,2.2713157894736837,0.0512,0.07680000000000001,0.0,0.038400000000000004,-0.165,-0.06,2.0,0.0,1.0
Jamaldeen Jimoh-Aloba,Aston Villa,MID,4.5,86.30999999999999,2.2713157894736837,0.0512,0.07680000000000001,0.0,0.038400000000000004,-0.165,-0.06,2.0,0.0,1.0
Isaac Hayden,Newcastle,MID,4.5,86.30999999999997,2.2713157894736837,0.048,0.07200000000000001,0.0,0.036000000000000004,-0.165,-0.06,2.0,0.0,1.0
Joe White,Newcastle,MID,4.5,86.30999999999997,2.2713157894736837,0.048,0.07200000000000001,0.0,0.036000000000000004,-0.165,-0.06,2.0,0.0,1.0
Lewis Miley,Newcastle,MID,4.5,86.30999999999997,2.2713157894736837,0.048,0.07200000000000001,0.0,0.036000000000000004,-0.165,-0.06,2.0,0.0,1.0
Garang Kuol,Newcastle,MID,4.5,86.30999999999997,2.2713157894736837,0.048,0.07200000000000001,0.0,0.036000000000000004,-0.165,-0.06,2.0,0.0,1.0
Callum Olusesi,Spurs,MID,4.5,86.146,2.267,0.0512,0.07680000000000001,0.0,0.038400000000000004,-0.165,-0.06,2.0,0.0,1.0
Yang Min-hyeok,Spurs,MID,4.5,86.146,2.267,0.0512,0.07680000000000001,0.0,0.038400000000000004,-0.165,-0.06,2.0,0.0,1.0
Kaden Rodney,Crystal Palace,MID,4.5,86.14599999999999,2.2669999999999995,0.048,0.072,0.0,0.036,-0.165,-0.06,2.0,0.0,1.0
Asher Agbinone,Crystal Palace,MID,4.5,86.14599999999999,2.2669999999999995,0.048,0.072,0.0,0.036,-0.165,-0.06,2.0,0.0,1.0
Ryan Trevitt,Brentford,MID,4.5,86.14599999999999,2.2669999999999995,0.0512,0.07680000000000001,0.0,0.038400000000000004,-0.165,-0.06,2.0,0.0,1.0
Myles Peart-Harris,Brentford,MID,4.5,86.14599999999999,2.2669999999999995,0.0512,0.07680000000000001,0.0,0.038400000000000004,-0.165,-0.06,2.0,0.0,1.0
Romain Faivre,Bournemouth,MID,4.5,86.14599999999999,2.2669999999999995,0.04479999999999999,0.06720000000000001,0.0,0.033600000000000005,-0.165,-0.06,2.0,0.0,1.0
Hamed Traorè,Bournemouth,MID,4.5,86.14599999999999,2.2669999999999995,0.04479999999999999,0.06720000000000001,0.0,0.033600000000000005,-0.165,-0.06,2.0,0.0,1.0
Dominic Sadi,Bournemouth,MID,4.5,86.14599999999999,2.2669999999999995,0.04479999999999999,0.06720000000000001,0.0,0.033600000000000005,-0.165,-0.06,2.0,0.0,1.0
Zain Silcott-Duberry,Bournemouth,MID,4.5,86.14599999999999,2.2669999999999995,0.04479999999999999,0.06720000000000001,0.0,0.033600000000000005,-0.165,-0.06,2.0,0.0,1.0
Yunus Emre Konak,Brentford,MID,4.5,86.14599999999999,2.2669999999999995,0.0512,0.07680000000000001,0.0,0.038400000000000004,-0.165,-0.06,2.0,0.0,1.0
Romelle Donovan,Brentford,MID,4.5,86.14599999999999,2.2669999999999995,0.0512,0.07680000000000001,0.0,0.038400000000000004,-0.165,-0.06,2.0,0.0,1.0
Paris Maghoma,Brentford,MID,4.5,86.14599999999999,2.2669999999999995,0.0512,0.07680000000000001,0.0,0.038400000000000004,-0.165,-0.06,2.0,0.0,1.0
Franco Umeh-Chibueze,Crystal Palace,MID,4.5,86.14599999999999,2.2669999999999995,0.048,0.072,0.0,0.036,-0.165,-0.06,2.0,0.0,1.0
Ben Winterburn,Bournemouth,MID,4.5,86.14599999999999,2.2669999999999995,0.04479999999999999,0.06720000000000001,0.0,0.033600000000000005,-0.165,-0.06,2.0,0.0,1.0
Naouirou Ahamada,Crystal Palace,MID,4.5,86.14599999999999,2.2669999999999995,0.048,0.072,0.0,0.036,-0.165,-0.06,2.0,0.0,1.0
Justin Devenny,Crystal Palace,MID,4.5,86.14599999999999,2.2669999999999995,0.048,0.072,0.0,0.036,-0.165,-0.06,2.0,0.0,1.0
Malcolm Ebiowei,Crystal Palace,MID,4.5,86.14599999999999,2.2669999999999995,0.048,0.072,0.0,0.036,-0.165,-0.06,2.0,0.0,1.0
Jesurun Rak-Sakyi,Crystal Palace,MID,4.5,86.14599999999999,2.2669999999999995,0.048,0.072,0.0,0.036,-0.165,-0.06,2.0,0.0,1.0
Matheus França de Oliveira,Crystal Palace,MID,4.5,86.14599999999999,2.2669999999999995,0.048,0.072,0.0,0.036,-0.165,-0.06,2.0,0.0,1.0
David Ozoh,Crystal Palace,MID,4.5,86.14599999999999,2.2669999999999995,0.048,0.072,0.0,0.036,-0.165,-0.06,2.0,0.0,1.0
Josh King,Fulham,MID,4.5,86.14599999999997,2.2669999999999995,0.048,0.07200000000000001,0.0,0.036000000000000004,-0.165,-0.06,2.0,0.0,1.0
Jack Moorhouse,Man Utd,MID,4.5,86.14599999999997,2.2669999999999995,0.044800000000000006,0.06720000000000001,0.0,0.033600000000000005,-0.165,-0.06,2.0,0.0,1.0
Sékou Koné,Man Utd,MID,4.5,86.14599999999997,2.2669999999999995,0.044800000000000006,0.06720000000000001,0.0,0.033600000000000005,-0.165,-0.06,2.0,0.0,1.0
Jack Fletcher,Man Utd,MID,4.5,86.14599999999997,2.2669999999999995,0.044800000000000006,0.06720000000000001,0.0,0.033600000000000005,-0.165,-0.06,2.0,0.0,1.0
Jayce Fitzgerald,Man Utd,MID,4.5,86.14599999999997,2.2669999999999995,0.044800000000000006,0.06720000000000001,0.0,0.033600000000000005,-0.165,-0.06,2.0,0.0,1.0
Toby Collyer,Man Utd,MID,4.5,86.14599999999997,2.2669999999999995,0.044800000000000006,0.06720000000000001,0.0,0.033600000000000005,-0.165,-0.06,2.0,0.0,1.0
Harrison Reed,Fulham,MID,4.5,86.14599999999997,2.2669999999999995,0.048,0.07200000000000001,0.0,0.036000000000000004,-0.165,-0.06,2.0,0.0,1.0
Eric da Silva Moreira,Nott'm Forest,MID,4.5,86.14599999999997,2.2669999999999995,0.0512,0.07680000000000001,0.0,0.038400000000000004,-0.165,-0.06,2.0,0.0,1.0
Adrian Mazilu,Brighton,MID,4.5,86.14599999999997,2.2669999999999995,0.04479999999999999,0.06720000000000001,0.0,0.033600000000000005,-0.165,-0.06,2.0,0.0,1.0
Andrew Moran,Brighton,MID,4.5,86.14599999999997,2.2669999999999995,0.04479999999999999,0.06720000000000001,0.0,0.033600000000000005,-0.165,-0.06,2.0,0.0,1.0
Marko Stamenić,Nott'm Forest,MID,4.5,86.14599999999997,2.2669999999999995,0.0512,0.07680000000000001,0.0,0.038400000000000004,-0.165,-0.06,2.0,0.0,1.0
Martial Godo,Fulham,MID,4.5,86.14599999999997,2.2669999999999995,0.048,0.07200000000000001,0.0,0.036000000000000004,-0.165,-0.06,2.0,0.0,1.0
Luke Harris,Fulham,MID,4.5,86.14599999999997,2.2669999999999995,0.048,0.07200000000000001,0.0,0.036000000000000004,-0.165,-0.06,2.0,0.0,1.0
Joe Knight,Brighton,MID,4.5,86.14599999999997,2.2669999999999995,0.04479999999999999,0.06720000000000001,0.0,0.033600000000000005,-0.165,-0.06,2.0,0.0,1.0
Tawanda Chirewa,Wolves,MID,4.5,85.982,2.2626842105263156,0.048,0.072,0.0,0.036,-0.165,-0.06,2.0,0.0,1.0
Tom Edozie,Wolves,MID,4.5,85.982,2.2626842105263156,0.048,0.072,0.0,0.036,-0.165,-0.06,2.0,0.0,1.0
Enso González Medina,Wolves,MID,4.5,85.982,2.2626842105263156,0.048,0.072,0.0,0.036,-0.165,-0.06,2.0,0.0,1.0
Joe Hodge,Wolves,MID,4.5,85.982,2.2626842105263156,0.048,0.072,0.0,0.036,-0.165,-0.06,2.0,0.0,1.0
Callum Bates,Everton,MID,4.5,85.98199999999999,2.262684210526315,0.044800000000000006,0.06720000000000001,0.0,0.033600000000000005,-0.165,-0.06,2.0,0.0,1.0
Coby Ebere,Everton,MID,4.5,85.98199999999999,2.262684210526315,0.044800000000000006,0.06720000000000001,0.0,0.033600000000000005,-0.165,-0.06,2.0,0.0,1.0
Jenson Metcalfe,Everton,MID,4.5,85.98199999999999,2.262684210526315,0.044800000000000006,0.06720000000000001,0.0,0.033600000000000005,-0.165,-0.06,2.0,0.0,1.0
Harrison Armstrong,Everton,MID,4.5,85.98199999999999,2.262684210526315,0.044800000000000006,0.06720000000000001,0.0,0.033600000000000005,-0.165,-0.06,2.0,0.0,1.0
Isaac Heath,Everton,MID,4.5,85.98199999999999,2.262684210526315,0.044800000000000006,0.06720000000000001,0.0,0.033600000000000005,-0.165,-0.06,2.0,0.0,1.0
Murillo Costa dos Santos,Nott'm Forest,DEF,5.5,85.93119999999999,2.2613473684210526,0.022400000000000003,0.0288,0.3263999999999999,0.015360000000000002,-0.195,-0.06,2.0,0.0,1.0
Nikola Milenković,Nott'm Forest,DEF,5.5,85.93119999999999,2.2613473684210526,0.022400000000000003,0.0288,0.3263999999999999,0.015360000000000002,-0.195,-0.06,2.0,0.0,1.0
Antonee Robinson,Fulham,DEF,5.0,85.84479999999999,2.259073684210526,0.018000000000000002,0.024,0.3136,0.0126,-0.195,-0.06,2.0,0.0,1.0
Josh Acheampong,Chelsea,DEF,4.0,85.821,2.2584473684210526,0.0128,0.019200000000000002,0.3904,0.009600000000000001,-0.195,-0.06,2.0,0.0,1.0
Aarón Anselmino,Chelsea,DEF,4.0,85.821,2.2584473684210526,0.0128,0.019200000000000002,0.3904,0.009600000000000001,-0.195,-0.06,2.0,0.0,1.0
Joe Gelhardt,Leeds,MID,4.5,85.81799999999998,2.2583684210526314,0.048,0.07200000000000001,0.0,0.036000000000000004,-0.165,-0.06,2.0,0.0,1.0
Abdoullah Ba,Sunderland,MID,4.5,85.81799999999998,2.2583684210526314,0.05439999999999999,0.0816,0.0,0.0408,-0.165,-0.06,2.0,0.0,1.0
Alan Browne,Sunderland,MID,4.5,85.81799999999998,2.2583684210526314,0.05439999999999999,0.0816,0.0,0.0408,-0.165,-0.06,2.0,0.0,1.0
Pierre Ekwah Elimby,Sunderland,MID,4.5,85.81799999999998,2.2583684210526314,0.05439999999999999,0.0816,0.0,0.0408,-0.165,-0.06,2.0,0.0,1.0
Harrison Jones,Sunderland,MID,4.5,85.81799999999998,2.2583684210526314,0.05439999999999999,0.0816,0.0,0.0408,-0.165,-0.06,2.0,0.0,1.0
Jay Matete,Sunderland,MID,4.5,85.81799999999998,2.2583684210526314,0.05439999999999999,0.0816,0.0,0.0408,-0.165,-0.06,2.0,0.0,1.0
Aaron Ramsey,Burnley,MID,4.5,85.81799999999998,2.2583684210526314,0.048,0.072,0.0,0.036000000000000004,-0.165,-0.06,2.0,0.0,1.0
Oluwaseun Adewumi,Burnley,MID,4.5,85.81799999999998,2.2583684210526314,0.048,0.072,0.0,0.036000000000000004,-0.165,-0.06,2.0,0.0,1.0
Nectarios Triantis,Sunderland,MID,4.5,85.81799999999998,2.2583684210526314,0.05439999999999999,0.0816,0.0,0.0408,-0.165,-0.06,2.0,0.0,1.0
Jaydon Banel,Burnley,MID,4.5,85.81799999999998,2.2583684210526314,0.048,0.072,0.0,0.036000000000000004,-0.165,-0.06,2.0,0.0,1.0
Mike Trésor Ndayishimiye,Burnley,MID,4.5,85.81799999999998,2.2583684210526314,0.048,0.072,0.0,0.036000000000000004,-0.165,-0.06,2.0,0.0,1.0
Darko Gyabi,Leeds,MID,4.5,85.81799999999998,2.2583684210526314,0.048,0.07200000000000001,0.0,0.036000000000000004,-0.165,-0.06,2.0,0.0,1.0
George Earthy,West Ham,MID,4.5,85.81799999999998,2.2583684210526314,0.0512,0.07680000000000001,0.0,0.038400000000000004,-0.165,-0.06,2.0,0.0,1.0
Andy Irving,West Ham,MID,4.5,85.81799999999998,2.2583684210526314,0.0512,0.07680000000000001,0.0,0.038400000000000004,-0.165,-0.06,2.0,0.0,1.0
Lewis Orford,West Ham,MID,4.5,85.81799999999998,2.2583684210526314,0.0512,0.07680000000000001,0.0,0.038400000000000004,-0.165,-0.06,2.0,0.0,1.0
Freddie Potts,West Ham,MID,4.5,85.81799999999998,2.2583684210526314,0.0512,0.07680000000000001,0.0,0.038400000000000004,-0.165,-0.06,2.0,0.0,1.0
Charlie Crew,Leeds,MID,4.5,85.81799999999998,2.2583684210526314,0.048,0.07200000000000001,0.0,0.036000000000000004,-0.165,-0.06,2.0,0.0,1.0
Marc Guéhi,Crystal Palace,DEF,4.5,85.6624,2.2542736842105264,0.015000000000000003,0.020999999999999998,0.3808000000000001,0.0108,-0.195,-0.06,2.0,0.0,1.0
Chris Richards,Crystal Palace,DEF,4.5,85.6624,2.2542736842105264,0.015000000000000003,0.020999999999999998,0.3808000000000001,0.0108,-0.195,-0.06,2.0,0.0,1.0
Jake O'Brien,Everton,DEF,5.0,85.60459999999998,2.2527526315789466,0.016800000000000002,0.022400000000000003,0.3136,0.011760000000000001,-0.195,-0.06,2.0,0.0,1.0
Vitalii Mykolenko,Everton,DEF,5.0,85.60459999999998,2.2527526315789466,0.016800000000000002,0.022400000000000003,0.3136,0.011760000000000001,-0.195,-0.06,2.0,0.0,1.0
Jayden Meghoma,Brentford,DEF,4.0,85.576,2.252,0.0128,0.019200000000000002,0.42560000000000003,0.009600000000000001,-0.195,-0.06,2.0,0.0,1.0
Kim Ji-soo,Brentford,DEF,4.0,85.576,2.252,0.0128,0.019200000000000002,0.42560000000000003,0.009600000000000001,-0.195,-0.06,2.0,0.0,1.0
Aaron Hickey,Brentford,DEF,4.0,85.576,2.252,0.0128,0.019200000000000002,0.42560000000000003,0.009600000000000001,-0.195,-0.06,2.0,0.0,1.0
Benjamin Arthur,Brentford,DEF,4.0,85.576,2.252,0.0128,0.019200000000000002,0.42560000000000003,0.009600000000000001,-0.195,-0.06,2.0,0.0,1.0
Benjamin Fredrick,Brentford,DEF,4.0,85.576,2.252,0.0128,0.019200000000000002,0.42560000000000003,0.009600000000000001,-0.195,-0.06,2.0,0.0,1.0
Hugo Bueno López,Wolves,DEF,4.5,85.42379999999999,2.247994736842105,0.015000000000000003,0.020999999999999998,0.368,0.0108,-0.195,-0.06,2.0,0.0,1.0
Yerson Mosquera Valdelamar,Wolves,DEF,4.5,85.42379999999999,2.247994736842105,0.015000000000000003,0.020999999999999998,0.368,0.0108,-0.195,-0.06,2.0,0.0,1.0
Rodrigo Martins Gomes,Wolves,DEF,4.5,85.42379999999999,2.247994736842105,0.015000000000000003,0.020999999999999998,0.368,0.0108,-0.195,-0.06,2.0,0.0,1.0
Santiago Ignacio Bueno,Wolves,DEF,4.5,85.42379999999999,2.247994736842105,0.015000000000000003,0.020999999999999998,0.368,0.0108,-0.195,-0.06,2.0,0.0,1.0
Toti Gomes,Wolves,DEF,4.5,85.42379999999999,2.247994736842105,0.015000000000000003,0.020999999999999998,0.368,0.0108,-0.195,-0.06,2.0,0.0,1.0
Emmanuel Agbadou,Wolves,DEF,4.5,85.42379999999999,2.247994736842105,0.015000000000000003,0.020999999999999998,0.368,0.0108,-0.195,-0.06,2.0,0.0,1.0
Matt Doherty,Wolves,DEF,4.5,85.42379999999999,2.247994736842105,0.015000000000000003,0.020999999999999998,0.368,0.0108,-0.195,-0.06,2.0,0.0,1.0
Odysseas Vlachodimos,Newcastle,GK,4.0,85.37599999999999,2.2467368421052627,0.0,0.0,0.45280000000000004,0.0,-0.12,-0.06,2.0,0.0,1.0
Mark Gillespie,Newcastle,GK,4.0,85.37599999999999,2.2467368421052627,0.0,0.0,0.45280000000000004,0.0,-0.12,-0.06,2.0,0.0,1.0
Nick Pope,Newcastle,GK,5.0,85.37599999999999,2.2467368421052627,0.0,0.0,0.45280000000000004,0.0,-0.12,-0.06,2.0,0.0,1.0
Martin Dúbravka,Newcastle,GK,4.0,85.37599999999999,2.2467368421052627,0.0,0.0,0.45280000000000004,0.0,-0.12,-0.06,2.0,0.0,1.0
Kyle Walker-Peters,West Ham,DEF,4.5,85.3612,2.2463473684210524,0.016,0.022399999999999996,0.3856,0.011520000000000002,-0.195,-0.06,2.0,0.0,1.0
El Hadji Malick Diouf,West Ham,DEF,4.5,85.3612,2.2463473684210524,0.016,0.022399999999999996,0.3856,0.011520000000000002,-0.195,-0.06,2.0,0.0,1.0
Emerson Palmieri dos Santos,West Ham,DEF,4.5,85.3612,2.2463473684210524,0.016,0.022399999999999996,0.3856,0.011520000000000002,-0.195,-0.06,2.0,0.0,1.0
Maximilian Kilman,West Ham,DEF,4.5,85.3612,2.2463473684210524,0.016,0.022399999999999996,0.3856,0.011520000000000002,-0.195,-0.06,2.0,0.0,1.0
Konstantinos Mavropanos,West Ham,DEF,4.5,85.3612,2.2463473684210524,0.016,0.022399999999999996,0.3856,0.011520000000000002,-0.195,-0.06,2.0,0.0,1.0
Nayef Aguerd,West Ham,DEF,4.5,85.3612,2.2463473684210524,0.016,0.022399999999999996,0.3856,0.011520000000000002,-0.195,-0.06,2.0,0.0,1.0
Ollie Scarles,West Ham,DEF,4.5,85.3612,2.2463473684210524,0.016,0.022399999999999996,0.3856,0.011520000000000002,-0.195,-0.06,2.0,0.0,1.0
Jean-Clair Todibo,West Ham,DEF,4.5,85.3612,2.2463473684210524,0.016,0.022399999999999996,0.3856,0.011520000000000002,-0.195,-0.06,2.0,0.0,1.0
Aaron Wan-Bissaka,West Ham,DEF,4.5,85.3612,2.2463473684210524,0.016,0.022399999999999996,0.3856,0.011520000000000002,-0.195,-0.06,2.0,0.0,1.0
Brandon Austin,Spurs,GK,4.0,85.36,2.2463157894736843,0.0,0.0,0.45280000000000004,0.0,-0.12,-0.06,2.0,0.0,1.0
Guglielmo Vicario,Spurs,GK,5.0,85.36,2.2463157894736843,0.0,0.0,0.45280000000000004,0.0,-0.12,-0.06,2.0,0.0,1.0
Antonín Kinský,Spurs,GK,4.0,85.36,2.2463157894736843,0.0,0.0,0.45280000000000004,0.0,-0.12,-0.06,2.0,0.0,1.0
Illia Zabarnyi,Bournemouth,DEF,5.0,84.83680000000003,2.2325473684210535,0.016800000000000002,0.022399999999999996,0.23519999999999994,0.011760000000000001,-0.195,-0.06,2.0,0.0,1.0
Ola Aina,Nott'm Forest,DEF,5.0,84.8368,2.2325473684210526,0.019200000000000002,0.0256,0.3263999999999999,0.013440000000000002,-0.195,-0.06,2.0,0.0,1.0
Neco Williams,Nott'm Forest,DEF,5.0,84.8368,2.2325473684210526,0.019200000000000002,0.0256,0.3263999999999999,0.013440000000000002,-0.195,-0.06,2.0,0.0,1.0
Jorge Cuenca Barreno,Fulham,DEF,4.5,84.75039999999998,2.230273684210526,0.015000000000000003,0.020999999999999998,0.3136,0.0108,-0.195,-0.06,2.0,0.0,1.0
Kenny Tete,Fulham,DEF,4.5,84.75039999999998,2.230273684210526,0.015000000000000003,0.020999999999999998,0.3136,0.0108,-0.195,-0.06,2.0,0.0,1.0
Issa Diop,Fulham,DEF,4.5,84.75039999999998,2.230273684210526,0.015000000000000003,0.020999999999999998,0.3136,0.0108,-0.195,-0.06,2.0,0.0,1.0
Timothy Castagne,Fulham,DEF,4.5,84.75039999999998,2.230273684210526,0.015000000000000003,0.020999999999999998,0.3136,0.0108,-0.195,-0.06,2.0,0.0,1.0
Calvin Bassey,Fulham,DEF,4.5,84.75039999999998,2.230273684210526,0.015000000000000003,0.020999999999999998,0.3136,0.0108,-0.195,-0.06,2.0,0.0,1.0
Joachim Andersen,Fulham,DEF,4.5,84.75039999999998,2.230273684210526,0.015000000000000003,0.020999999999999998,0.3136,0.0108,-0.195,-0.06,2.0,0.0,1.0
Rob Holding,Crystal Palace,DEF,4.0,84.56800000000001,2.2254736842105265,0.012,0.018,0.3808000000000001,0.009,-0.195,-0.06,2.0,0.0,1.0
Nathaniel Clyne,Crystal Palace,DEF,4.0,84.56800000000001,2.2254736842105265,0.012,0.018,0.3808000000000001,0.009,-0.195,-0.06,2.0,0.0,1.0
Caleb Kporha,Crystal Palace,DEF,4.0,84.56800000000001,2.2254736842105265,0.012,0.018,0.3808000000000001,0.009,-0.195,-0.06,2.0,0.0,1.0
Séamus Coleman,Everton,DEF,4.5,84.5198,2.224205263157895,0.014000000000000002,0.0196,0.3136,0.010080000000000002,-0.195,-0.06,2.0,0.0,1.0
Michael Keane,Everton,DEF,4.5,84.5198,2.224205263157895,0.014000000000000002,0.0196,0.3136,0.010080000000000002,-0.195,-0.06,2.0,0.0,1.0
Nathan Patterson,Everton,DEF,4.5,84.5198,2.224205263157895,0.014000000000000002,0.0196,0.3136,0.010080000000000002,-0.195,-0.06,2.0,0.0,1.0
Marco Bizot,Aston Villa,GK,4.5,84.416,2.221473684210526,0.0,0.0,0.45120000000000005,0.0,-0.12,-0.06,2.0,0.0,1.0
Emiliano Martínez Romero,Aston Villa,GK,5.0,84.416,2.221473684210526,0.0,0.0,0.45120000000000005,0.0,-0.12,-0.06,2.0,0.0,1.0
Joe Gauci,Aston Villa,GK,4.0,84.416,2.221473684210526,0.0,0.0,0.45120000000000005,0.0,-0.12,-0.06,2.0,0.0,1.0
Filip Marschall,Aston Villa,GK,4.0,84.416,2.221473684210526,0.0,0.0,0.45120000000000005,0.0,-0.12,-0.06,2.0,0.0,1.0
Dermot Mee,Man Utd,GK,4.0,84.4,2.2210526315789476,0.0,0.0,0.3328000000000001,0.0,-0.12,-0.06,2.0,0.0,1.0
Elyh Harrison,Man Utd,GK,4.0,84.4,2.2210526315789476,0.0,0.0,0.3328000000000001,0.0,-0.12,-0.06,2.0,0.0,1.0
André Onana,Man Utd,GK,5.0,84.4,2.2210526315789476,0.0,0.0,0.3328000000000001,0.0,-0.12,-0.06,2.0,0.0,1.0
Altay Bayındır,Man Utd,GK,5.0,84.4,2.2210526315789476,0.0,0.0,0.3328000000000001,0.0,-0.12,-0.06,2.0,0.0,1.0
Tom Heaton,Man Utd,GK,4.0,84.4,2.2210526315789476,0.0,0.0,0.3328000000000001,0.0,-0.12,-0.06,2.0,0.0,1.0
Ki-Jana Hoever,Wolves,DEF,4.0,84.33900000000001,2.219447368421053,0.012,0.018,0.368,0.009,-0.195,-0.06,2.0,0.0,1.0
Pedro Cardoso de Lima,Wolves,DEF,4.0,84.33900000000001,2.219447368421053,0.012,0.018,0.368,0.009,-0.195,-0.06,2.0,0.0,1.0
Alfie Pond,Wolves,DEF,4.0,84.33900000000001,2.219447368421053,0.012,0.018,0.368,0.009,-0.195,-0.06,2.0,0.0,1.0
Bastien Meupiyou Menadjou,Wolves,DEF,4.0,84.33900000000001,2.219447368421053,0.012,0.018,0.368,0.009,-0.195,-0.06,2.0,0.0,1.0
Kaelan Casey,West Ham,DEF,4.0,84.28599999999999,2.218052631578947,0.0128,0.019200000000000002,0.3856,0.009600000000000001,-0.195,-0.06,2.0,0.0,1.0
Jason Steele,Brighton,GK,4.5,84.25600000000001,2.2172631578947373,0.0,0.0,0.3488,0.0,-0.12,-0.06,2.0,0.0,1.0
Bart Verbruggen,Brighton,GK,4.5,84.25600000000001,2.2172631578947373,0.0,0.0,0.3488,0.0,-0.12,-0.06,2.0,0.0,1.0
Tom McGill,Brighton,GK,4.0,84.25600000000001,2.2172631578947373,0.0,0.0,0.3488,0.0,-0.12,-0.06,2.0,0.0,1.0
Carl Rushworth,Brighton,GK,4.0,84.25600000000001,2.2172631578947373,0.0,0.0,0.3488,0.0,-0.12,-0.06,2.0,0.0,1.0
Kjell Scherpen,Brighton,GK,4.0,84.25600000000001,2.2172631578947373,0.0,0.0,0.3488,0.0,-0.12,-0.06,2.0,0.0,1.0
Adrien Truffert,Bournemouth,DEF,4.5,83.74239999999999,2.2037473684210522,0.014000000000000002,0.019599999999999996,0.23519999999999994,0.01008,-0.195,-0.06,2.0,0.0,1.0
Adam Smith,Bournemouth,DEF,4.5,83.74239999999999,2.2037473684210522,0.014000000000000002,0.019599999999999996,0.23519999999999994,0.01008,-0.195,-0.06,2.0,0.0,1.0
Marcos Senesi Barón,Bournemouth,DEF,4.5,83.74239999999999,2.2037473684210522,0.014000000000000002,0.019599999999999996,0.23519999999999994,0.01008,-0.195,-0.06,2.0,0.0,1.0
Omar Richards,Nott'm Forest,DEF,4.5,83.74239999999999,2.2037473684210522,0.016000000000000004,0.022399999999999996,0.3263999999999999,0.01152,-0.195,-0.06,2.0,0.0,1.0
Felipe Rodrigues da Silva,Nott'm Forest,DEF,4.5,83.74239999999999,2.2037473684210522,0.016000000000000004,0.022399999999999996,0.3263999999999999,0.01152,-0.195,-0.06,2.0,0.0,1.0
David Mota Veiga Teixeira do Carmo,Nott'm Forest,DEF,4.5,83.74239999999999,2.2037473684210522,0.016000000000000004,0.022399999999999996,0.3263999999999999,0.01152,-0.195,-0.06,2.0,0.0,1.0
Jair Paula da Cunha Filho,Nott'm Forest,DEF,4.5,83.74239999999999,2.2037473684210522,0.016000000000000004,0.022399999999999996,0.3263999999999999,0.01152,-0.195,-0.06,2.0,0.0,1.0
Samuel Amissah,Fulham,DEF,4.0,83.65599999999999,2.201473684210526,0.012,0.018000000000000002,0.3136,0.009000000000000001,-0.195,-0.06,2.0,0.0,1.0
Filip Jörgensen,Chelsea,GK,4.5,83.496,2.197263157894737,0.0,0.0,0.3904,0.0,-0.12,-0.06,2.0,0.0,1.0
Gabriel Słonina,Chelsea,GK,4.0,83.496,2.197263157894737,0.0,0.0,0.3904,0.0,-0.12,-0.06,2.0,0.0,1.0
Mike Penders,Chelsea,GK,4.0,83.496,2.197263157894737,0.0,0.0,0.3904,0.0,-0.12,-0.06,2.0,0.0,1.0
Robert Lynch Sánchez,Chelsea,GK,5.0,83.496,2.197263157894737,0.0,0.0,0.3904,0.0,-0.12,-0.06,2.0,0.0,1.0
Roman Dixon,Everton,DEF,4.0,83.43500000000003,2.195657894736843,0.011200000000000002,0.016800000000000002,0.3136,0.008400000000000001,-0.195,-0.06,2.0,0.0,1.0
Reece Welch,Everton,DEF,4.0,83.43500000000003,2.195657894736843,0.011200000000000002,0.016800000000000002,0.3136,0.008400000000000001,-0.195,-0.06,2.0,0.0,1.0
Hákon Rafn Valdimarsson,Brentford,GK,4.0,83.29599999999998,2.1919999999999993,0.0,0.0,0.42560000000000003,0.0,-0.12,-0.06,2.0,0.0,1.0
Julian Eyestone,Brentford,GK,4.0,83.29599999999998,2.1919999999999993,0.0,0.0,0.42560000000000003,0.0,-0.12,-0.06,2.0,0.0,1.0
Matthew Cox,Brentford,GK,4.0,83.29599999999998,2.1919999999999993,0.0,0.0,0.42560000000000003,0.0,-0.12,-0.06,2.0,0.0,1.0
Ellery Balcombe,Brentford,GK,4.0,83.29599999999998,2.1919999999999993,0.0,0.0,0.42560000000000003,0.0,-0.12,-0.06,2.0,0.0,1.0
Caoimhín Kelleher,Brentford,GK,4.5,83.29599999999998,2.1919999999999993,0.0,0.0,0.42560000000000003,0.0,-0.12,-0.06,2.0,0.0,1.0
Zach Abbott,Nott'm Forest,DEF,4.0,82.64800000000001,2.1749473684210527,0.0128,0.019200000000000002,0.3263999999999999,0.009600000000000001,-0.195,-0.06,2.0,0.0,1.0
Willy Boly,Nott'm Forest,DEF,4.0,82.64800000000001,2.1749473684210527,0.0128,0.019200000000000002,0.3263999999999999,0.009600000000000001,-0.195,-0.06,2.0,0.0,1.0
Owen Bevan,Bournemouth,DEF,4.0,82.64799999999998,2.1749473684210523,0.011199999999999998,0.016800000000000002,0.23519999999999994,0.008400000000000001,-0.195,-0.06,2.0,0.0,1.0
Julio Soler Barreto,Bournemouth,DEF,4.0,82.64799999999998,2.1749473684210523,0.011199999999999998,0.016800000000000002,0.23519999999999994,0.008400000000000001,-0.195,-0.06,2.0,0.0,1.0
Matai Akinmboni,Bournemouth,DEF,4.0,82.64799999999998,2.1749473684210523,0.011199999999999998,0.016800000000000002,0.23519999999999994,0.008400000000000001,-0.195,-0.06,2.0,0.0,1.0
James Hill,Bournemouth,DEF,4.0,82.64799999999998,2.1749473684210523,0.011199999999999998,0.016800000000000002,0.23519999999999994,0.008400000000000001,-0.195,-0.06,2.0,0.0,1.0
Julián Araujo Zúñiga,Bournemouth,DEF,4.0,82.64799999999998,2.1749473684210523,0.011199999999999998,0.016800000000000002,0.23519999999999994,0.008400000000000001,-0.195,-0.06,2.0,0.0,1.0
Chris Mepham,Bournemouth,DEF,4.0,82.64799999999998,2.1749473684210523,0.011199999999999998,0.016800000000000002,0.23519999999999994,0.008400000000000001,-0.195,-0.06,2.0,0.0,1.0
Connor Roberts,Burnley,DEF,4.5,82.48119999999997,2.1705578947368416,0.015000000000000003,0.020999999999999998,0.2528,0.0108,-0.195,-0.06,2.0,0.0,1.0
Kyle Walker,Burnley,DEF,4.5,82.48119999999997,2.1705578947368416,0.015000000000000003,0.020999999999999998,0.2528,0.0108,-0.195,-0.06,2.0,0.0,1.0
Walter Benítez,Crystal Palace,GK,4.0,82.28800000000001,2.1654736842105264,0.0,0.0,0.3808000000000001,0.0,-0.12,-0.06,2.0,0.0,1.0
Remi Matthews,Crystal Palace,GK,4.0,82.28800000000001,2.1654736842105264,0.0,0.0,0.3808000000000001,0.0,-0.12,-0.06,2.0,0.0,1.0
Dean Henderson,Crystal Palace,GK,5.0,82.28800000000001,2.1654736842105264,0.0,0.0,0.3808000000000001,0.0,-0.12,-0.06,2.0,0.0,1.0
Tom King,Wolves,GK,4.0,82.104,2.1606315789473682,0.0,0.0,0.368,0.0,-0.12,-0.06,2.0,0.0,1.0
Daniel Bentley,Wolves,GK,4.0,82.104,2.1606315789473682,0.0,0.0,0.368,0.0,-0.12,-0.06,2.0,0.0,1.0
José Malheiro de Sá,Wolves,GK,4.5,82.104,2.1606315789473682,0.0,0.0,0.368,0.0,-0.12,-0.06,2.0,0.0,1.0
Sam Johnstone,Wolves,GK,4.5,82.104,2.1606315789473682,0.0,0.0,0.368,0.0,-0.12,-0.06,2.0,0.0,1.0
Alphonse Areola,West Ham,GK,4.5,82.096,2.160421052631579,0.0,0.0,0.3856,0.0,-0.12,-0.06,2.0,0.0,1.0
Wes Foderingham,West Ham,GK,4.0,82.096,2.160421052631579,0.0,0.0,0.3856,0.0,-0.12,-0.06,2.0,0.0,1.0
Krisztián Hegyi,West Ham,GK,4.0,82.096,2.160421052631579,0.0,0.0,0.3856,0.0,-0.12,-0.06,2.0,0.0,1.0
Daniel Ballard,Sunderland,DEF,4.5,81.5212,2.145294736842105,0.017,0.023799999999999995,0.304,0.012240000000000001,-0.195,-0.06,2.0,0.0,1.0
Pascal Struijk,Leeds,DEF,4.5,81.5212,2.145294736842105,0.015000000000000003,0.020999999999999998,0.2464,0.0108,-0.195,-0.06,2.0,0.0,1.0
Trai Hume,Sunderland,DEF,4.5,81.5212,2.145294736842105,0.017,0.023799999999999995,0.304,0.012240000000000001,-0.195,-0.06,2.0,0.0,1.0
Jayden Bogle,Leeds,DEF,4.5,81.5212,2.145294736842105,0.015000000000000003,0.020999999999999998,0.2464,0.0108,-0.195,-0.06,2.0,0.0,1.0
Hjalmar Ekdal,Burnley,DEF,4.0,81.406,2.142263157894737,0.012,0.018,0.2528,0.009000000000000001,-0.195,-0.06,2.0,0.0,1.0
Bashir Humphreys,Burnley,DEF,4.0,81.406,2.142263157894737,0.012,0.018,0.2528,0.009000000000000001,-0.195,-0.06,2.0,0.0,1.0
Lucas Pires Silva,Burnley,DEF,4.0,81.406,2.142263157894737,0.012,0.018,0.2528,0.009000000000000001,-0.195,-0.06,2.0,0.0,1.0
Jordan Beyer,Burnley,DEF,4.0,81.406,2.142263157894737,0.012,0.018,0.2528,0.009000000000000001,-0.195,-0.06,2.0,0.0,1.0
Shurandy Sambo,Burnley,DEF,4.0,81.406,2.142263157894737,0.012,0.018,0.2528,0.009000000000000001,-0.195,-0.06,2.0,0.0,1.0
Hannes Delcroix,Burnley,DEF,4.0,81.406,2.142263157894737,0.012,0.018,0.2528,0.009000000000000001,-0.195,-0.06,2.0,0.0,1.0
Owen Dodgson,Burnley,DEF,4.0,81.406,2.142263157894737,0.012,0.018,0.2528,0.009000000000000001,-0.195,-0.06,2.0,0.0,1.0
Joe Worrall,Burnley,DEF,4.0,81.406,2.142263157894737,0.012,0.018,0.2528,0.009000000000000001,-0.195,-0.06,2.0,0.0,1.0
Axel Tuanzebe,Burnley,DEF,4.0,81.406,2.142263157894737,0.012,0.018,0.2528,0.009000000000000001,-0.195,-0.06,2.0,0.0,1.0
Oliver Sonne,Burnley,DEF,4.0,81.406,2.142263157894737,0.012,0.018,0.2528,0.009000000000000001,-0.195,-0.06,2.0,0.0,1.0
Maxime Estève,Burnley,DEF,4.0,81.406,2.142263157894737,0.012,0.018,0.2528,0.009000000000000001,-0.195,-0.06,2.0,0.0,1.0
Quilindschy Hartman,Burnley,DEF,4.0,81.406,2.142263157894737,0.012,0.018,0.2528,0.009000000000000001,-0.195,-0.06,2.0,0.0,1.0
Benjamin Lecomte,Fulham,GK,4.0,81.37600000000002,2.141473684210527,0.0,0.0,0.3136,0.0,-0.12,-0.06,2.0,0.0,1.0
Steven Benda,Fulham,GK,4.0,81.37600000000002,2.141473684210527,0.0,0.0,0.3136,0.0,-0.12,-0.06,2.0,0.0,1.0
Bernd Leno,Fulham,GK,5.0,81.37600000000002,2.141473684210527,0.0,0.0,0.3136,0.0,-0.12,-0.06,2.0,0.0,1.0
Jordan Pickford,Everton,GK,5.5,81.20000000000002,2.1368421052631583,0.0,0.0,0.3136,0.0,-0.12,-0.06,2.0,0.0,1.0
Mark Travers,Everton,GK,4.5,81.20000000000002,2.1368421052631583,0.0,0.0,0.3136,0.0,-0.12,-0.06,2.0,0.0,1.0
Harry Tyrer,Everton,GK,4.0,81.20000000000002,2.1368421052631583,0.0,0.0,0.3136,0.0,-0.12,-0.06,2.0,0.0,1.0
Sebastiaan Bornauw,Leeds,DEF,4.0,80.44600000000001,2.1170000000000004,0.012,0.018000000000000002,0.2464,0.009000000000000001,-0.195,-0.06,2.0,0.0,1.0
Jaka Bijol,Leeds,DEF,4.0,80.44600000000001,2.1170000000000004,0.012,0.018000000000000002,0.2464,0.009000000000000001,-0.195,-0.06,2.0,0.0,1.0
Sam Byram,Leeds,DEF,4.0,80.44600000000001,2.1170000000000004,0.012,0.018000000000000002,0.2464,0.009000000000000001,-0.195,-0.06,2.0,0.0,1.0
Gabriel Gudmundsson,Leeds,DEF,4.0,80.44600000000001,2.1170000000000004,0.012,0.018000000000000002,0.2464,0.009000000000000001,-0.195,-0.06,2.0,0.0,1.0
Joe Rodon,Leeds,DEF,4.0,80.44600000000001,2.1170000000000004,0.012,0.018000000000000002,0.2464,0.009000000000000001,-0.195,-0.06,2.0,0.0,1.0
Isaac Schmidt,Leeds,DEF,4.0,80.44600000000001,2.1170000000000004,0.012,0.018000000000000002,0.2464,0.009000000000000001,-0.195,-0.06,2.0,0.0,1.0
Joe Anderson,Sunderland,DEF,4.0,80.446,2.117,0.013599999999999998,0.0204,0.304,0.0102,-0.195,-0.06,2.0,0.0,1.0
Zak Johnson,Sunderland,DEF,4.0,80.446,2.117,0.013599999999999998,0.0204,0.304,0.0102,-0.195,-0.06,2.0,0.0,1.0
Niall Huggins,Sunderland,DEF,4.0,80.446,2.117,0.013599999999999998,0.0204,0.304,0.0102,-0.195,-0.06,2.0,0.0,1.0
Reinildo Mandava,Sunderland,DEF,4.0,80.446,2.117,0.013599999999999998,0.0204,0.304,0.0102,-0.195,-0.06,2.0,0.0,1.0
Jenson Seelt,Sunderland,DEF,4.0,80.446,2.117,0.013599999999999998,0.0204,0.304,0.0102,-0.195,-0.06,2.0,0.0,1.0
Timothée Pembélé,Sunderland,DEF,4.0,80.446,2.117,0.013599999999999998,0.0204,0.304,0.0102,-0.195,-0.06,2.0,0.0,1.0
Đorđe Petrović,Bournemouth,GK,4.5,80.368,2.1149473684210527,0.0,0.0,0.23519999999999994,0.0,-0.12,-0.06,2.0,0.0,1.0
Will Dennis,Bournemouth,GK,4.0,80.368,2.1149473684210527,0.0,0.0,0.23519999999999994,0.0,-0.12,-0.06,2.0,0.0,1.0
Callan McKenna,Bournemouth,GK,4.0,80.368,2.1149473684210527,0.0,0.0,0.23519999999999994,0.0,-0.12,-0.06,2.0,0.0,1.0
Alex Paulsen,Bournemouth,GK,4.0,80.368,2.1149473684210527,0.0,0.0,0.23519999999999994,0.0,-0.12,-0.06,2.0,0.0,1.0
Norberto Murara Neto,Bournemouth,GK,4.5,80.368,2.1149473684210527,0.0,0.0,0.23519999999999994,0.0,-0.12,-0.06,2.0,0.0,1.0
Matt Turner,Nott'm Forest,GK,4.0,80.36799999999998,2.1149473684210522,0.0,0.0,0.3263999999999999,0.0,-0.12,-0.06,2.0,0.0,1.0
Matz Sels,Nott'm Forest,GK,5.0,80.36799999999998,2.1149473684210522,0.0,0.0,0.3263999999999999,0.0,-0.12,-0.06,2.0,0.0,1.0
Carlos Miguel dos Santos Pereira,Nott'm Forest,GK,4.0,80.36799999999998,2.1149473684210522,0.0,0.0,0.3263999999999999,0.0,-0.12,-0.06,2.0,0.0,1.0
Václav Hladký,Burnley,GK,4.0,79.21600000000001,2.0846315789473686,0.0,0.0,0.2528,0.0,-0.12,-0.06,2.0,0.0,1.0
Max Weiß,Burnley,GK,4.5,79.21600000000001,2.0846315789473686,0.0,0.0,0.2528,0.0,-0.12,-0.06,2.0,0.0,1.0
Etienne Green,Burnley,GK,4.0,79.21600000000001,2.0846315789473686,0.0,0.0,0.2528,0.0,-0.12,-0.06,2.0,0.0,1.0
James Trafford,Burnley,GK,5.0,79.21600000000001,2.0846315789473686,0.0,0.0,0.2528,0.0,-0.12,-0.06,2.0,0.0,1.0
Lucas Estella Perri,Leeds,GK,4.5,78.256,2.0593684210526315,0.0,0.0,0.2464,0.0,-0.12,-0.06,2.0,0.0,1.0
Anthony Patterson,Sunderland,GK,4.5,78.256,2.0593684210526315,0.0,0.0,0.304,0.0,-0.12,-0.06,2.0,0.0,1.0
Simon Moore,Sunderland,GK,4.0,78.256,2.0593684210526315,0.0,0.0,0.304,0.0,-0.12,-0.06,2.0,0.0,1.0
Blondy Nna Noukeu,Sunderland,GK,4.0,78.256,2.0593684210526315,0.0,0.0,0.304,0.0,-0.12,-0.06,2.0,0.0,1.0
Alex Cairns,Leeds,GK,4.0,78.256,2.0593684210526315,0.0,0.0,0.2464,0.0,-0.12,-0.06,2.0,0.0,1.0
Karl Darlow,Leeds,GK,4.0,78.256,2.0593684210526315,0.0,0.0,0.2464,0.0,-0.12,-0.06,2.0,0.0,1.0
Illan Meslier,Leeds,GK,4.5,78.256,2.0593684210526315,0.0,0.0,0.2464,0.0,-0.12,-0.06,2.0,0.0,1.0
